Record Length,2.500000e+03,,  -0.000000057000,   0.00000,
Sample Interval,1.000000e-10,,  -0.000000056900,  -0.04000,
Trigger Point,5.700000000000e+02,,  -0.000000056800,  -0.04000,
,,,  -0.000000056700,   0.00000,
,,,  -0.000000056600,   0.00000,
,,,  -0.000000056500,   0.00000,
Source,CH1,,  -0.000000056400,   0.00000,
Vertical Units,V,,  -0.000000056300,   0.00000,
Vertical Scale,1.000000e+00,,  -0.000000056200,   0.00000,
Vertical Offset,-4.000000e-02,,  -0.000000056100,   0.04000,
Horizontal Units,s,,  -0.000000056000,   0.04000,
Horizontal Scale,2.500000e-08,,  -0.000000055900,   0.04000,
Pt Fmt,Y,,  -0.000000055800,   0.04000,
Yzero,0.000000e+00,,  -0.000000055700,   0.04000,
Probe Atten,1.000000e+01,,  -0.000000055600,   0.04000,
Model Number,TDS2014C,,  -0.000000055500,   0.04000,
Serial Number,C010219,,  -0.000000055400,   0.04000,
Firmware Version,FV:v24.08,,  -0.000000055300,   0.04000,
,,,-00.000000055200,   0.04000,
,,,-00.000000055100,   0.08000,
,,,-00.000000055000,   0.08000,
,,,-00.000000054900,   0.08000,
,,,-00.000000054800,   0.08000,
,,,-00.000000054700,   0.08000,
,,,-00.000000054600,   0.08000,
,,,-00.000000054500,   0.04000,
,,,-00.000000054400,   0.04000,
,,,-00.000000054300,   0.04000,
,,,-00.000000054200,   0.04000,
,,,-00.000000054100,   0.04000,
,,,-00.000000054000,   0.00000,
,,,-00.000000053900,   0.00000,
,,,-00.000000053800,   0.00000,
,,,-00.000000053700,   0.00000,
,,,-00.000000053600,   0.00000,
,,,-00.000000053500,   0.00000,
,,,-00.000000053400,   0.00000,
,,,-00.000000053300,   0.00000,
,,,-00.000000053200,   0.00000,
,,,-00.000000053100,   0.04000,
,,,-00.000000053000,   0.04000,
,,,-00.000000052900,   0.04000,
,,,-00.000000052800,   0.04000,
,,,-00.000000052700,   0.04000,
,,,-00.000000052600,   0.04000,
,,,-00.000000052500,   0.04000,
,,,-00.000000052400,   0.04000,
,,,-00.000000052300,   0.04000,
,,,-00.000000052200,   0.04000,
,,,-00.000000052100,   0.08000,
,,,-00.000000052000,   0.08000,
,,,-00.000000051900,   0.08000,
,,,-00.000000051800,   0.08000,
,,,-00.000000051700,   0.08000,
,,,-00.000000051600,   0.08000,
,,,-00.000000051500,   0.08000,
,,,-00.000000051400,   0.08000,
,,,-00.000000051300,   0.08000,
,,,-00.000000051200,   0.08000,
,,,-00.000000051100,   0.08000,
,,,-00.000000051000,   0.04000,
,,,-00.000000050900,   0.04000,
,,,-00.000000050800,   0.04000,
,,,-00.000000050700,   0.04000,
,,,-00.000000050600,   0.04000,
,,,-00.000000050500,   0.00000,
,,,-00.000000050400,   0.00000,
,,,-00.000000050300,   0.00000,
,,,-00.000000050200,   0.00000,
,,,-00.000000050100,   0.00000,
,,,-00.000000050000,   0.00000,
,,,-00.000000049900,   0.00000,
,,,-00.000000049800,   0.00000,
,,,-00.000000049700,   0.00000,
,,,-00.000000049600,   0.00000,
,,,-00.000000049500,   0.00000,
,,,-00.000000049400,  -0.04000,
,,,-00.000000049300,  -0.04000,
,,,-00.000000049200,   0.00000,
,,,-00.000000049100,   0.00000,
,,,-00.000000049000,   0.00000,
,,,-00.000000048900,   0.00000,
,,,-00.000000048800,   0.04000,
,,,-00.000000048700,   0.04000,
,,,-00.000000048600,   0.08000,
,,,-00.000000048500,   0.08000,
,,,-00.000000048400,   0.08000,
,,,-00.000000048300,   0.08000,
,,,-00.000000048200,   0.08000,
,,,-00.000000048100,   0.08000,
,,,-00.000000048000,   0.04000,
,,,-00.000000047900,   0.04000,
,,,-00.000000047800,   0.00000,
,,,-00.000000047700,   0.00000,
,,,-00.000000047600,   0.00000,
,,,-00.000000047500,   0.00000,
,,,-00.000000047400,   0.00000,
,,,-00.000000047300,   0.00000,
,,,-00.000000047200,   0.00000,
,,,-00.000000047100,   0.04000,
,,,-00.000000047000,   0.04000,
,,,-00.000000046900,   0.04000,
,,,-00.000000046800,   0.04000,
,,,-00.000000046700,   0.08000,
,,,-00.000000046600,   0.08000,
,,,-00.000000046500,   0.04000,
,,,-00.000000046400,   0.04000,
,,,-00.000000046300,   0.04000,
,,,-00.000000046200,   0.04000,
,,,-00.000000046100,   0.04000,
,,,-00.000000046000,   0.04000,
,,,-00.000000045900,   0.00000,
,,,-00.000000045800,   0.00000,
,,,-00.000000045700,   0.04000,
,,,-00.000000045600,   0.04000,
,,,-00.000000045500,   0.04000,
,,,-00.000000045400,   0.04000,
,,,-00.000000045300,   0.04000,
,,,-00.000000045200,   0.04000,
,,,-00.000000045100,   0.08000,
,,,-00.000000045000,   0.04000,
,,,-00.000000044900,   0.04000,
,,,-00.000000044800,   0.04000,
,,,-00.000000044700,   0.04000,
,,,-00.000000044600,   0.04000,
,,,-00.000000044500,   0.04000,
,,,-00.000000044400,   0.04000,
,,,-00.000000044300,   0.04000,
,,,-00.000000044200,   0.04000,
,,,-00.000000044100,   0.04000,
,,,-00.000000044000,   0.04000,
,,,-00.000000043900,   0.04000,
,,,-00.000000043800,   0.04000,
,,,-00.000000043700,   0.04000,
,,,-00.000000043600,   0.04000,
,,,-00.000000043500,   0.00000,
,,,-00.000000043400,   0.00000,
,,,-00.000000043300,  -0.04000,
,,,-00.000000043200,  -0.04000,
,,,-00.000000043100,  -0.04000,
,,,-00.000000043000,  -0.04000,
,,,-00.000000042900,  -0.04000,
,,,-00.000000042800,   0.00000,
,,,-00.000000042700,   0.00000,
,,,-00.000000042600,   0.04000,
,,,-00.000000042500,   0.04000,
,,,-00.000000042400,   0.04000,
,,,-00.000000042300,   0.04000,
,,,-00.000000042200,   0.04000,
,,,-00.000000042100,   0.04000,
,,,-00.000000042000,   0.00000,
,,,-00.000000041900,   0.00000,
,,,-00.000000041800,   0.00000,
,,,-00.000000041700,   0.00000,
,,,-00.000000041600,   0.00000,
,,,-00.000000041500,   0.00000,
,,,-00.000000041400,   0.00000,
,,,-00.000000041300,   0.00000,
,,,-00.000000041200,   0.00000,
,,,-00.000000041100,   0.04000,
,,,-00.000000041000,   0.04000,
,,,-00.000000040900,   0.04000,
,,,-00.000000040800,   0.04000,
,,,-00.000000040700,   0.04000,
,,,-00.000000040600,   0.08000,
,,,-00.000000040500,   0.08000,
,,,-00.000000040400,   0.08000,
,,,-00.000000040300,   0.08000,
,,,-00.000000040200,   0.08000,
,,,-00.000000040100,   0.08000,
,,,-00.000000040000,   0.04000,
,,,-00.000000039900,   0.04000,
,,,-00.000000039800,   0.04000,
,,,-00.000000039700,   0.04000,
,,,-00.000000039600,   0.04000,
,,,-00.000000039500,   0.04000,
,,,-00.000000039400,   0.04000,
,,,-00.000000039300,   0.04000,
,,,-00.000000039200,   0.04000,
,,,-00.000000039100,   0.04000,
,,,-00.000000039000,   0.04000,
,,,-00.000000038900,   0.04000,
,,,-00.000000038800,   0.04000,
,,,-00.000000038700,   0.04000,
,,,-00.000000038600,   0.04000,
,,,-00.000000038500,   0.04000,
,,,-00.000000038400,   0.04000,
,,,-00.000000038300,   0.04000,
,,,-00.000000038200,   0.04000,
,,,-00.000000038100,   0.04000,
,,,-00.000000038000,   0.04000,
,,,-00.000000037900,   0.04000,
,,,-00.000000037800,   0.04000,
,,,-00.000000037700,   0.04000,
,,,-00.000000037600,   0.08000,
,,,-00.000000037500,   0.04000,
,,,-00.000000037400,   0.04000,
,,,-00.000000037300,   0.04000,
,,,-00.000000037200,   0.04000,
,,,-00.000000037100,   0.04000,
,,,-00.000000037000,   0.04000,
,,,-00.000000036900,   0.04000,
,,,-00.000000036800,   0.04000,
,,,-00.000000036700,   0.04000,
,,,-00.000000036600,   0.04000,
,,,-00.000000036500,   0.04000,
,,,-00.000000036400,   0.04000,
,,,-00.000000036300,   0.04000,
,,,-00.000000036200,   0.04000,
,,,-00.000000036100,   0.04000,
,,,-00.000000036000,   0.04000,
,,,-00.000000035900,   0.04000,
,,,-00.000000035800,   0.04000,
,,,-00.000000035700,   0.04000,
,,,-00.000000035600,   0.04000,
,,,-00.000000035500,   0.04000,
,,,-00.000000035400,   0.04000,
,,,-00.000000035300,   0.04000,
,,,-00.000000035200,   0.04000,
,,,-00.000000035100,   0.08000,
,,,-00.000000035000,   0.04000,
,,,-00.000000034900,   0.04000,
,,,-00.000000034800,   0.04000,
,,,-00.000000034700,   0.04000,
,,,-00.000000034600,   0.04000,
,,,-00.000000034500,   0.04000,
,,,-00.000000034400,   0.00000,
,,,-00.000000034300,   0.00000,
,,,-00.000000034200,   0.04000,
,,,-00.000000034100,   0.04000,
,,,-00.000000034000,   0.04000,
,,,-00.000000033900,   0.04000,
,,,-00.000000033800,   0.04000,
,,,-00.000000033700,   0.04000,
,,,-00.000000033600,   0.08000,
,,,-00.000000033500,   0.08000,
,,,-00.000000033400,   0.04000,
,,,-00.000000033300,   0.04000,
,,,-00.000000033200,   0.04000,
,,,-00.000000033100,   0.04000,
,,,-00.000000033000,   0.00000,
,,,-00.000000032900,   0.00000,
,,,-00.000000032800,   0.00000,
,,,-00.000000032700,   0.00000,
,,,-00.000000032600,   0.00000,
,,,-00.000000032500,   0.00000,
,,,-00.000000032400,   0.00000,
,,,-00.000000032300,   0.00000,
,,,-00.000000032200,   0.00000,
,,,-00.000000032100,   0.04000,
,,,-00.000000032000,   0.04000,
,,,-00.000000031900,   0.04000,
,,,-00.000000031800,   0.04000,
,,,-00.000000031700,   0.04000,
,,,-00.000000031600,   0.04000,
,,,-00.000000031500,   0.04000,
,,,-00.000000031400,   0.04000,
,,,-00.000000031300,   0.04000,
,,,-00.000000031200,   0.04000,
,,,-00.000000031100,   0.04000,
,,,-00.000000031000,   0.00000,
,,,-00.000000030900,   0.00000,
,,,-00.000000030800,   0.00000,
,,,-00.000000030700,   0.00000,
,,,-00.000000030600,   0.00000,
,,,-00.000000030500,   0.00000,
,,,-00.000000030400,   0.00000,
,,,-00.000000030300,   0.00000,
,,,-00.000000030200,   0.00000,
,,,-00.000000030100,   0.04000,
,,,-00.000000030000,   0.04000,
,,,-00.000000029900,   0.04000,
,,,-00.000000029800,   0.04000,
,,,-00.000000029700,   0.04000,
,,,-00.000000029600,   0.04000,
,,,-00.000000029500,   0.04000,
,,,-00.000000029400,   0.04000,
,,,-00.000000029300,   0.04000,
,,,-00.000000029200,   0.04000,
,,,-00.000000029100,   0.04000,
,,,-00.000000029000,   0.00000,
,,,-00.000000028900,   0.00000,
,,,-00.000000028800,   0.00000,
,,,-00.000000028700,   0.00000,
,,,-00.000000028600,   0.00000,
,,,-00.000000028500,   0.00000,
,,,-00.000000028400,   0.00000,
,,,-00.000000028300,   0.00000,
,,,-00.000000028200,   0.00000,
,,,-00.000000028100,   0.04000,
,,,-00.000000028000,   0.00000,
,,,-00.000000027900,   0.00000,
,,,-00.000000027800,   0.00000,
,,,-00.000000027700,   0.00000,
,,,-00.000000027600,   0.00000,
,,,-00.000000027500,   0.00000,
,,,-00.000000027400,   0.00000,
,,,-00.000000027300,   0.00000,
,,,-00.000000027200,   0.00000,
,,,-00.000000027100,   0.04000,
,,,-00.000000027000,   0.04000,
,,,-00.000000026900,   0.04000,
,,,-00.000000026800,   0.04000,
,,,-00.000000026700,   0.04000,
,,,-00.000000026600,   0.04000,
,,,-00.000000026500,   0.04000,
,,,-00.000000026400,   0.04000,
,,,-00.000000026300,   0.04000,
,,,-00.000000026200,   0.04000,
,,,-00.000000026100,   0.08000,
,,,-00.000000026000,   0.04000,
,,,-00.000000025900,   0.04000,
,,,-00.000000025800,   0.04000,
,,,-00.000000025700,   0.04000,
,,,-00.000000025600,   0.04000,
,,,-00.000000025500,   0.04000,
,,,-00.000000025400,   0.04000,
,,,-00.000000025300,   0.04000,
,,,-00.000000025200,   0.04000,
,,,-00.000000025100,   0.04000,
,,,-00.000000025000,   0.04000,
,,,-00.000000024900,   0.04000,
,,,-00.000000024800,   0.04000,
,,,-00.000000024700,   0.04000,
,,,-00.000000024600,   0.04000,
,,,-00.000000024500,   0.04000,
,,,-00.000000024400,   0.04000,
,,,-00.000000024300,   0.04000,
,,,-00.000000024200,   0.04000,
,,,-00.000000024100,   0.08000,
,,,-00.000000024000,   0.04000,
,,,-00.000000023900,   0.04000,
,,,-00.000000023800,   0.04000,
,,,-00.000000023700,   0.04000,
,,,-00.000000023600,   0.04000,
,,,-00.000000023500,   0.04000,
,,,-00.000000023400,   0.04000,
,,,-00.000000023300,   0.04000,
,,,-00.000000023200,   0.04000,
,,,-00.000000023100,   0.08000,
,,,-00.000000023000,   0.04000,
,,,-00.000000022900,   0.04000,
,,,-00.000000022800,   0.04000,
,,,-00.000000022700,   0.04000,
,,,-00.000000022600,   0.04000,
,,,-00.000000022500,   0.04000,
,,,-00.000000022400,   0.04000,
,,,-00.000000022300,   0.04000,
,,,-00.000000022200,   0.04000,
,,,-00.000000022100,   0.08000,
,,,-00.000000022000,   0.08000,
,,,-00.000000021900,   0.08000,
,,,-00.000000021800,   0.08000,
,,,-00.000000021700,   0.08000,
,,,-00.000000021600,   0.08000,
,,,-00.000000021500,   0.04000,
,,,-00.000000021400,   0.04000,
,,,-00.000000021300,   0.04000,
,,,-00.000000021200,   0.04000,
,,,-00.000000021100,   0.04000,
,,,-00.000000021000,   0.04000,
,,,-00.000000020900,   0.00000,
,,,-00.000000020800,   0.00000,
,,,-00.000000020700,   0.04000,
,,,-00.000000020600,   0.04000,
,,,-00.000000020500,   0.04000,
,,,-00.000000020400,   0.04000,
,,,-00.000000020300,   0.04000,
,,,-00.000000020200,   0.04000,
,,,-00.000000020100,   0.08000,
,,,-00.000000020000,   0.08000,
,,,-00.000000019900,   0.08000,
,,,-00.000000019800,   0.08000,
,,,-00.000000019700,   0.08000,
,,,-00.000000019600,   0.08000,
,,,-00.000000019500,   0.04000,
,,,-00.000000019400,   0.04000,
,,,-00.000000019300,   0.04000,
,,,-00.000000019200,   0.04000,
,,,-00.000000019100,   0.04000,
,,,-00.000000019000,   0.00000,
,,,-00.000000018900,   0.00000,
,,,-00.000000018800,   0.00000,
,,,-00.000000018700,   0.00000,
,,,-00.000000018600,   0.00000,
,,,-00.000000018500,   0.00000,
,,,-00.000000018400,   0.00000,
,,,-00.000000018300,   0.00000,
,,,-00.000000018200,   0.00000,
,,,-00.000000018100,   0.04000,
,,,-00.000000018000,   0.04000,
,,,-00.000000017900,   0.04000,
,,,-00.000000017800,   0.04000,
,,,-00.000000017700,   0.08000,
,,,-00.000000017600,   0.08000,
,,,-00.000000017500,   0.04000,
,,,-00.000000017400,   0.04000,
,,,-00.000000017300,   0.04000,
,,,-00.000000017200,   0.00000,
,,,-00.000000017100,   0.00000,
,,,-00.000000017000,  -0.04000,
,,,-00.000000016900,  -0.04000,
,,,-00.000000016800,  -0.04000,
,,,-00.000000016700,  -0.04000,
,,,-00.000000016600,  -0.04000,
,,,-00.000000016500,  -0.04000,
,,,-00.000000016400,  -0.04000,
,,,-00.000000016300,   0.00000,
,,,-00.000000016200,   0.00000,
,,,-00.000000016100,   0.04000,
,,,-00.000000016000,   0.04000,
,,,-00.000000015900,   0.04000,
,,,-00.000000015800,   0.04000,
,,,-00.000000015700,   0.04000,
,,,-00.000000015600,   0.04000,
,,,-00.000000015500,   0.04000,
,,,-00.000000015400,   0.04000,
,,,-00.000000015300,   0.04000,
,,,-00.000000015200,   0.04000,
,,,-00.000000015100,   0.04000,
,,,-00.000000015000,   0.04000,
,,,-00.000000014900,   0.04000,
,,,-00.000000014800,   0.04000,
,,,-00.000000014700,   0.04000,
,,,-00.000000014600,   0.04000,
,,,-00.000000014500,   0.04000,
,,,-00.000000014400,   0.04000,
,,,-00.000000014300,   0.04000,
,,,-00.000000014200,   0.04000,
,,,-00.000000014100,   0.04000,
,,,-00.000000014000,   0.04000,
,,,-00.000000013900,   0.04000,
,,,-00.000000013800,   0.04000,
,,,-00.000000013700,   0.04000,
,,,-00.000000013600,   0.08000,
,,,-00.000000013500,   0.08000,
,,,-00.000000013400,   0.08000,
,,,-00.000000013300,   0.08000,
,,,-00.000000013200,   0.12000,
,,,-00.000000013100,   0.12000,
,,,-00.000000013000,   0.08000,
,,,-00.000000012900,   0.08000,
,,,-00.000000012800,   0.08000,
,,,-00.000000012700,   0.08000,
,,,-00.000000012600,   0.08000,
,,,-00.000000012500,   0.04000,
,,,-00.000000012400,   0.04000,
,,,-00.000000012300,   0.04000,
,,,-00.000000012200,   0.04000,
,,,-00.000000012100,   0.08000,
,,,-00.000000012000,   0.08000,
,,,-00.000000011900,   0.08000,
,,,-00.000000011800,   0.12000,
,,,-00.000000011700,   0.12000,
,,,-00.000000011600,   0.16000,
,,,-00.000000011500,   0.16000,
,,,-00.000000011400,   0.16000,
,,,-00.000000011300,   0.16000,
,,,-00.000000011200,   0.20000,
,,,-00.000000011100,   0.20000,
,,,-00.000000011000,   0.20000,
,,,-00.000000010900,   0.16000,
,,,-00.000000010800,   0.16000,
,,,-00.000000010700,   0.20000,
,,,-00.000000010600,   0.20000,
,,,-00.000000010500,   0.20000,
,,,-00.000000010400,   0.24000,
,,,-00.000000010300,   0.24000,
,,,-00.000000010200,   0.28000,
,,,-00.000000010100,   0.32000,
,,,-00.000000010000,   0.32000,
,,,-00.000000009900,   0.32000,
,,,-00.000000009800,   0.36000,
,,,-00.000000009700,   0.36000,
,,,-00.000000009600,   0.40000,
,,,-00.000000009500,   0.40000,
,,,-00.000000009400,   0.44000,
,,,-00.000000009300,   0.44000,
,,,-00.000000009200,   0.48000,
,,,-00.000000009100,   0.52000,
,,,-00.000000009000,   0.52000,
,,,-00.000000008900,   0.56000,
,,,-00.000000008800,   0.56000,
,,,-00.000000008700,   0.60000,
,,,-00.000000008600,   0.64000,
,,,-00.000000008500,   0.64000,
,,,-00.000000008400,   0.64000,
,,,-00.000000008300,   0.68000,
,,,-00.000000008200,   0.68000,
,,,-00.000000008100,   0.72000,
,,,-00.000000008000,   0.72000,
,,,-00.000000007900,   0.76000,
,,,-00.000000007800,   0.80000,
,,,-00.000000007700,   0.84000,
,,,-00.000000007600,   0.88000,
,,,-00.000000007500,   0.88000,
,,,-00.000000007400,   0.92000,
,,,-00.000000007300,   0.92000,
,,,-00.000000007200,   0.92000,
,,,-00.000000007100,   0.96000,
,,,-00.000000007000,   0.96000,
,,,-00.000000006900,   0.96000,
,,,-00.000000006800,   1.00000,
,,,-00.000000006700,   1.00000,
,,,-00.000000006600,   1.04000,
,,,-00.000000006500,   1.04000,
,,,-00.000000006400,   1.08000,
,,,-00.000000006300,   1.08000,
,,,-00.000000006200,   1.12000,
,,,-00.000000006100,   1.16000,
,,,-00.000000006000,   1.16000,
,,,-00.000000005900,   1.16000,
,,,-00.000000005800,   1.20000,
,,,-00.000000005700,   1.20000,
,,,-00.000000005600,   1.24000,
,,,-00.000000005500,   1.24000,
,,,-00.000000005400,   1.28000,
,,,-00.000000005300,   1.28000,
,,,-00.000000005200,   1.32000,
,,,-00.000000005100,   1.36000,
,,,-00.000000005000,   1.36000,
,,,-00.000000004900,   1.40000,
,,,-00.000000004800,   1.40000,
,,,-00.000000004700,   1.44000,
,,,-00.000000004600,   1.48000,
,,,-00.000000004500,   1.48000,
,,,-00.000000004400,   1.48000,
,,,-00.000000004300,   1.52000,
,,,-00.000000004200,   1.52000,
,,,-00.000000004100,   1.56000,
,,,-00.000000004000,   1.56000,
,,,-00.000000003900,   1.60000,
,,,-00.000000003800,   1.60000,
,,,-00.000000003700,   1.64000,
,,,-00.000000003600,   1.68000,
,,,-00.000000003500,   1.68000,
,,,-00.000000003400,   1.72000,
,,,-00.000000003300,   1.76000,
,,,-00.000000003200,   1.80000,
,,,-00.000000003100,   1.84000,
,,,-00.000000003000,   1.84000,
,,,-00.000000002900,   1.88000,
,,,-00.000000002800,   1.88000,
,,,-00.000000002700,   1.92000,
,,,-00.000000002600,   1.96000,
,,,-00.000000002500,   1.96000,
,,,-00.000000002400,   2.00000,
,,,-00.000000002300,   2.00000,
,,,-00.000000002200,   2.04000,
,,,-00.000000002100,   2.08000,
,,,-00.000000002000,   2.08000,
,,,-00.000000001900,   2.12000,
,,,-00.000000001800,   2.16000,
,,,-00.000000001700,   2.16000,
,,,-00.000000001600,   2.20000,
,,,-00.000000001500,   2.20000,
,,,-00.000000001400,   2.20000,
,,,-00.000000001300,   2.20000,
,,,-00.000000001200,   2.20000,
,,,-00.000000001100,   2.20000,
,,,-00.000000001000,   2.20000,
,,,-00.000000000900,   2.20000,
,,,-00.000000000800,   2.24000,
,,,-00.000000000700,   2.24000,
,,,-00.000000000600,   2.28000,
,,,-00.000000000500,   2.28000,
,,,-00.000000000400,   2.28000,
,,,-00.000000000300,   2.28000,
,,,-00.000000000200,   2.28000,
,,,-00.000000000100,   2.28000,
,,,-00.000000000000,   2.28000,
,,,00.000000000100,   2.28000,
,,,00.000000000200,   2.32000,
,,,00.000000000300,   2.32000,
,,,00.000000000400,   2.36000,
,,,00.000000000500,   2.36000,
,,,00.000000000600,   2.36000,
,,,00.000000000700,   2.36000,
,,,00.000000000800,   2.40000,
,,,00.000000000900,   2.40000,
,,,00.000000001000,   2.40000,
,,,00.000000001100,   2.40000,
,,,00.000000001200,   2.40000,
,,,00.000000001300,   2.40000,
,,,00.000000001400,   2.40000,
,,,00.000000001500,   2.36000,
,,,00.000000001600,   2.36000,
,,,00.000000001700,   2.36000,
,,,00.000000001800,   2.36000,
,,,00.000000001900,   2.36000,
,,,00.000000002000,   2.32000,
,,,00.000000002100,   2.32000,
,,,00.000000002200,   2.32000,
,,,00.000000002300,   2.32000,
,,,00.000000002400,   2.32000,
,,,00.000000002500,   2.28000,
,,,00.000000002600,   2.28000,
,,,00.000000002700,   2.28000,
,,,00.000000002800,   2.28000,
,,,00.000000002900,   2.28000,
,,,00.000000003000,   2.24000,
,,,00.000000003100,   2.24000,
,,,00.000000003200,   2.24000,
,,,00.000000003300,   2.24000,
,,,00.000000003400,   2.24000,
,,,00.000000003500,   2.20000,
,,,00.000000003600,   2.20000,
,,,00.000000003700,   2.20000,
,,,00.000000003800,   2.20000,
,,,00.000000003900,   2.20000,
,,,00.000000004000,   2.20000,
,,,00.000000004100,   2.20000,
,,,00.000000004200,   2.20000,
,,,00.000000004300,   2.20000,
,,,00.000000004400,   2.24000,
,,,00.000000004500,   2.24000,
,,,00.000000004600,   2.24000,
,,,00.000000004700,   2.24000,
,,,00.000000004800,   2.24000,
,,,00.000000004900,   2.28000,
,,,00.000000005000,   2.28000,
,,,00.000000005100,   2.28000,
,,,00.000000005200,   2.28000,
,,,00.000000005300,   2.32000,
,,,00.000000005400,   2.32000,
,,,00.000000005500,   2.28000,
,,,00.000000005600,   2.28000,
,,,00.000000005700,   2.28000,
,,,00.000000005800,   2.28000,
,,,00.000000005900,   2.28000,
,,,00.000000006000,   2.28000,
,,,00.000000006100,   2.28000,
,,,00.000000006200,   2.28000,
,,,00.000000006300,   2.28000,
,,,00.000000006400,   2.32000,
,,,00.000000006500,   2.32000,
,,,00.000000006600,   2.32000,
,,,00.000000006700,   2.32000,
,,,00.000000006800,   2.36000,
,,,00.000000006900,   2.36000,
,,,00.000000007000,   2.32000,
,,,00.000000007100,   2.32000,
,,,00.000000007200,   2.32000,
,,,00.000000007300,   2.32000,
,,,00.000000007400,   2.32000,
,,,00.000000007500,   2.32000,
,,,00.000000007600,   2.32000,
,,,00.000000007700,   2.32000,
,,,00.000000007800,   2.32000,
,,,00.000000007900,   2.32000,
,,,00.000000008000,   2.32000,
,,,00.000000008100,   2.32000,
,,,00.000000008200,   2.32000,
,,,00.000000008300,   2.32000,
,,,00.000000008400,   2.32000,
,,,00.000000008500,   2.28000,
,,,00.000000008600,   2.28000,
,,,00.000000008700,   2.28000,
,,,00.000000008800,   2.28000,
,,,00.000000008900,   2.28000,
,,,00.000000009000,   2.28000,
,,,00.000000009100,   2.28000,
,,,00.000000009200,   2.28000,
,,,00.000000009300,   2.28000,
,,,00.000000009400,   2.32000,
,,,00.000000009500,   2.32000,
,,,00.000000009600,   2.32000,
,,,00.000000009700,   2.32000,
,,,00.000000009800,   2.32000,
,,,00.000000009900,   2.36000,
,,,00.000000010000,   2.36000,
,,,00.000000010100,   2.36000,
,,,00.000000010200,   2.40000,
,,,00.000000010300,   2.40000,
,,,00.000000010400,   2.44000,
,,,00.000000010500,   2.44000,
,,,00.000000010600,   2.44000,
,,,00.000000010700,   2.44000,
,,,00.000000010800,   2.44000,
,,,00.000000010900,   2.48000,
,,,00.000000011000,   2.48000,
,,,00.000000011100,   2.48000,
,,,00.000000011200,   2.52000,
,,,00.000000011300,   2.52000,
,,,00.000000011400,   2.56000,
,,,00.000000011500,   2.56000,
,,,00.000000011600,   2.56000,
,,,00.000000011700,   2.60000,
,,,00.000000011800,   2.60000,
,,,00.000000011900,   2.64000,
,,,00.000000012000,   2.64000,
,,,00.000000012100,   2.64000,
,,,00.000000012200,   2.68000,
,,,00.000000012300,   2.68000,
,,,00.000000012400,   2.72000,
,,,00.000000012500,   2.72000,
,,,00.000000012600,   2.72000,
,,,00.000000012700,   2.76000,
,,,00.000000012800,   2.76000,
,,,00.000000012900,   2.80000,
,,,00.000000013000,   2.80000,
,,,00.000000013100,   2.80000,
,,,00.000000013200,   2.84000,
,,,00.000000013300,   2.84000,
,,,00.000000013400,   2.88000,
,,,00.000000013500,   2.88000,
,,,00.000000013600,   2.88000,
,,,00.000000013700,   2.92000,
,,,00.000000013800,   2.92000,
,,,00.000000013900,   2.96000,
,,,00.000000014000,   2.96000,
,,,00.000000014100,   2.96000,
,,,00.000000014200,   2.96000,
,,,00.000000014300,   3.00000,
,,,00.000000014400,   3.00000,
,,,00.000000014500,   2.96000,
,,,00.000000014600,   2.96000,
,,,00.000000014700,   2.96000,
,,,00.000000014800,   2.96000,
,,,00.000000014900,   2.96000,
,,,00.000000015000,   2.96000,
,,,00.000000015100,   2.96000,
,,,00.000000015200,   3.00000,
,,,00.000000015300,   3.00000,
,,,00.000000015400,   3.04000,
,,,00.000000015500,   3.04000,
,,,00.000000015600,   3.04000,
,,,00.000000015700,   3.08000,
,,,00.000000015800,   3.08000,
,,,00.000000015900,   3.08000,
,,,00.000000016000,   3.04000,
,,,00.000000016100,   3.04000,
,,,00.000000016200,   3.00000,
,,,00.000000016300,   3.00000,
,,,00.000000016400,   3.00000,
,,,00.000000016500,   3.00000,
,,,00.000000016600,   3.00000,
,,,00.000000016700,   3.00000,
,,,00.000000016800,   3.00000,
,,,00.000000016900,   3.04000,
,,,00.000000017000,   3.04000,
,,,00.000000017100,   3.04000,
,,,00.000000017200,   3.04000,
,,,00.000000017300,   3.04000,
,,,00.000000017400,   3.08000,
,,,00.000000017500,   3.08000,
,,,00.000000017600,   3.08000,
,,,00.000000017700,   3.08000,
,,,00.000000017800,   3.08000,
,,,00.000000017900,   3.08000,
,,,00.000000018000,   3.08000,
,,,00.000000018100,   3.08000,
,,,00.000000018200,   3.08000,
,,,00.000000018300,   3.08000,
,,,00.000000018400,   3.12000,
,,,00.000000018500,   3.12000,
,,,00.000000018600,   3.12000,
,,,00.000000018700,   3.12000,
,,,00.000000018800,   3.12000,
,,,00.000000018900,   3.12000,
,,,00.000000019000,   3.12000,
,,,00.000000019100,   3.12000,
,,,00.000000019200,   3.12000,
,,,00.000000019300,   3.12000,
,,,00.000000019400,   3.12000,
,,,00.000000019500,   3.12000,
,,,00.000000019600,   3.12000,
,,,00.000000019700,   3.12000,
,,,00.000000019800,   3.12000,
,,,00.000000019900,   3.12000,
,,,00.000000020000,   3.12000,
,,,00.000000020100,   3.12000,
,,,00.000000020200,   3.12000,
,,,00.000000020300,   3.12000,
,,,00.000000020400,   3.16000,
,,,00.000000020500,   3.16000,
,,,00.000000020600,   3.12000,
,,,00.000000020700,   3.12000,
,,,00.000000020800,   3.12000,
,,,00.000000020900,   3.12000,
,,,00.000000021000,   3.08000,
,,,00.000000021100,   3.08000,
,,,00.000000021200,   3.08000,
,,,00.000000021300,   3.08000,
,,,00.000000021400,   3.08000,
,,,00.000000021500,   3.08000,
,,,00.000000021600,   3.08000,
,,,00.000000021700,   3.08000,
,,,00.000000021800,   3.08000,
,,,00.000000021900,   3.12000,
,,,00.000000022000,   3.12000,
,,,00.000000022100,   3.08000,
,,,00.000000022200,   3.08000,
,,,00.000000022300,   3.08000,
,,,00.000000022400,   3.08000,
,,,00.000000022500,   3.04000,
,,,00.000000022600,   3.00000,
,,,00.000000022700,   3.00000,
,,,00.000000022800,   2.96000,
,,,00.000000022900,   2.96000,
,,,00.000000023000,   2.96000,
,,,00.000000023100,   2.92000,
,,,00.000000023200,   2.96000,
,,,00.000000023300,   2.96000,
,,,00.000000023400,   2.96000,
,,,00.000000023500,   2.96000,
,,,00.000000023600,   2.92000,
,,,00.000000023700,   2.92000,
,,,00.000000023800,   2.92000,
,,,00.000000023900,   2.92000,
,,,00.000000024000,   2.88000,
,,,00.000000024100,   2.88000,
,,,00.000000024200,   2.84000,
,,,00.000000024300,   2.84000,
,,,00.000000024400,   2.84000,
,,,00.000000024500,   2.84000,
,,,00.000000024600,   2.80000,
,,,00.000000024700,   2.84000,
,,,00.000000024800,   2.84000,
,,,00.000000024900,   2.84000,
,,,00.000000025000,   2.84000,
,,,00.000000025100,   2.80000,
,,,00.000000025200,   2.80000,
,,,00.000000025300,   2.84000,
,,,00.000000025400,   2.84000,
,,,00.000000025500,   2.84000,
,,,00.000000025600,   2.84000,
,,,00.000000025700,   2.88000,
,,,00.000000025800,   2.88000,
,,,00.000000025900,   2.92000,
,,,00.000000026000,   2.92000,
,,,00.000000026100,   2.92000,
,,,00.000000026200,   2.92000,
,,,00.000000026300,   2.92000,
,,,00.000000026400,   2.92000,
,,,00.000000026500,   2.92000,
,,,00.000000026600,   2.88000,
,,,00.000000026700,   2.88000,
,,,00.000000026800,   2.92000,
,,,00.000000026900,   2.92000,
,,,00.000000027000,   2.92000,
,,,00.000000027100,   2.92000,
,,,00.000000027200,   2.96000,
,,,00.000000027300,   2.96000,
,,,00.000000027400,   3.00000,
,,,00.000000027500,   3.00000,
,,,00.000000027600,   3.00000,
,,,00.000000027700,   3.00000,
,,,00.000000027800,   3.04000,
,,,00.000000027900,   3.04000,
,,,00.000000028000,   3.04000,
,,,00.000000028100,   3.04000,
,,,00.000000028200,   3.04000,
,,,00.000000028300,   3.04000,
,,,00.000000028400,   3.04000,
,,,00.000000028500,   3.04000,
,,,00.000000028600,   3.04000,
,,,00.000000028700,   3.04000,
,,,00.000000028800,   3.04000,
,,,00.000000028900,   3.04000,
,,,00.000000029000,   3.04000,
,,,00.000000029100,   3.04000,
,,,00.000000029200,   3.04000,
,,,00.000000029300,   3.04000,
,,,00.000000029400,   3.08000,
,,,00.000000029500,   3.08000,
,,,00.000000029600,   3.08000,
,,,00.000000029700,   3.08000,
,,,00.000000029800,   3.08000,
,,,00.000000029900,   3.08000,
,,,00.000000030000,   3.08000,
,,,00.000000030100,   3.08000,
,,,00.000000030200,   3.08000,
,,,00.000000030300,   3.08000,
,,,00.000000030400,   3.08000,
,,,00.000000030500,   3.08000,
,,,00.000000030600,   3.04000,
,,,00.000000030700,   3.04000,
,,,00.000000030800,   3.08000,
,,,00.000000030900,   3.08000,
,,,00.000000031000,   3.08000,
,,,00.000000031100,   3.08000,
,,,00.000000031200,   3.12000,
,,,00.000000031300,   3.12000,
,,,00.000000031400,   3.16000,
,,,00.000000031500,   3.16000,
,,,00.000000031600,   3.12000,
,,,00.000000031700,   3.12000,
,,,00.000000031800,   3.12000,
,,,00.000000031900,   3.12000,
,,,00.000000032000,   3.08000,
,,,00.000000032100,   3.08000,
,,,00.000000032200,   3.08000,
,,,00.000000032300,   3.08000,
,,,00.000000032400,   3.08000,
,,,00.000000032500,   3.08000,
,,,00.000000032600,   3.08000,
,,,00.000000032700,   3.12000,
,,,00.000000032800,   3.12000,
,,,00.000000032900,   3.16000,
,,,00.000000033000,   3.16000,
,,,00.000000033100,   3.16000,
,,,00.000000033200,   3.20000,
,,,00.000000033300,   3.20000,
,,,00.000000033400,   3.24000,
,,,00.000000033500,   3.24000,
,,,00.000000033600,   3.24000,
,,,00.000000033700,   3.24000,
,,,00.000000033800,   3.28000,
,,,00.000000033900,   3.28000,
,,,00.000000034000,   3.28000,
,,,00.000000034100,   3.28000,
,,,00.000000034200,   3.28000,
,,,00.000000034300,   3.28000,
,,,00.000000034400,   3.28000,
,,,00.000000034500,   3.28000,
,,,00.000000034600,   3.28000,
,,,00.000000034700,   3.28000,
,,,00.000000034800,   3.28000,
,,,00.000000034900,   3.28000,
,,,00.000000035000,   3.24000,
,,,00.000000035100,   3.24000,
,,,00.000000035200,   3.24000,
,,,00.000000035300,   3.24000,
,,,00.000000035400,   3.24000,
,,,00.000000035500,   3.24000,
,,,00.000000035600,   3.24000,
,,,00.000000035700,   3.24000,
,,,00.000000035800,   3.24000,
,,,00.000000035900,   3.28000,
,,,00.000000036000,   3.28000,
,,,00.000000036100,   3.28000,
,,,00.000000036200,   3.28000,
,,,00.000000036300,   3.32000,
,,,00.000000036400,   3.32000,
,,,00.000000036500,   3.32000,
,,,00.000000036600,   3.28000,
,,,00.000000036700,   3.28000,
,,,00.000000036800,   3.28000,
,,,00.000000036900,   3.28000,
,,,00.000000037000,   3.24000,
,,,00.000000037100,   3.24000,
,,,00.000000037200,   3.24000,
,,,00.000000037300,   3.24000,
,,,00.000000037400,   3.24000,
,,,00.000000037500,   3.24000,
,,,00.000000037600,   3.24000,
,,,00.000000037700,   3.24000,
,,,00.000000037800,   3.24000,
,,,00.000000037900,   3.28000,
,,,00.000000038000,   3.24000,
,,,00.000000038100,   3.24000,
,,,00.000000038200,   3.24000,
,,,00.000000038300,   3.24000,
,,,00.000000038400,   3.24000,
,,,00.000000038500,   3.24000,
,,,00.000000038600,   3.24000,
,,,00.000000038700,   3.24000,
,,,00.000000038800,   3.24000,
,,,00.000000038900,   3.24000,
,,,00.000000039000,   3.20000,
,,,00.000000039100,   3.20000,
,,,00.000000039200,   3.20000,
,,,00.000000039300,   3.20000,
,,,00.000000039400,   3.20000,
,,,00.000000039500,   3.16000,
,,,00.000000039600,   3.16000,
,,,00.000000039700,   3.16000,
,,,00.000000039800,   3.16000,
,,,00.000000039900,   3.16000,
,,,00.000000040000,   3.16000,
,,,00.000000040100,   3.16000,
,,,00.000000040200,   3.16000,
,,,00.000000040300,   3.16000,
,,,00.000000040400,   3.16000,
,,,00.000000040500,   3.16000,
,,,00.000000040600,   3.16000,
,,,00.000000040700,   3.16000,
,,,00.000000040800,   3.16000,
,,,00.000000040900,   3.16000,
,,,00.000000041000,   3.16000,
,,,00.000000041100,   3.16000,
,,,00.000000041200,   3.16000,
,,,00.000000041300,   3.16000,
,,,00.000000041400,   3.16000,
,,,00.000000041500,   3.12000,
,,,00.000000041600,   3.12000,
,,,00.000000041700,   3.12000,
,,,00.000000041800,   3.12000,
,,,00.000000041900,   3.12000,
,,,00.000000042000,   3.12000,
,,,00.000000042100,   3.08000,
,,,00.000000042200,   3.08000,
,,,00.000000042300,   3.12000,
,,,00.000000042400,   3.12000,
,,,00.000000042500,   3.12000,
,,,00.000000042600,   3.12000,
,,,00.000000042700,   3.12000,
,,,00.000000042800,   3.12000,
,,,00.000000042900,   3.16000,
,,,00.000000043000,   3.12000,
,,,00.000000043100,   3.12000,
,,,00.000000043200,   3.12000,
,,,00.000000043300,   3.12000,
,,,00.000000043400,   3.12000,
,,,00.000000043500,   3.08000,
,,,00.000000043600,   3.08000,
,,,00.000000043700,   3.08000,
,,,00.000000043800,   3.08000,
,,,00.000000043900,   3.12000,
,,,00.000000044000,   3.12000,
,,,00.000000044100,   3.12000,
,,,00.000000044200,   3.16000,
,,,00.000000044300,   3.16000,
,,,00.000000044400,   3.20000,
,,,00.000000044500,   3.20000,
,,,00.000000044600,   3.20000,
,,,00.000000044700,   3.20000,
,,,00.000000044800,   3.20000,
,,,00.000000044900,   3.20000,
,,,00.000000045000,   3.16000,
,,,00.000000045100,   3.16000,
,,,00.000000045200,   3.16000,
,,,00.000000045300,   3.16000,
,,,00.000000045400,   3.16000,
,,,00.000000045500,   3.16000,
,,,00.000000045600,   3.16000,
,,,00.000000045700,   3.16000,
,,,00.000000045800,   3.16000,
,,,00.000000045900,   3.20000,
,,,00.000000046000,   3.16000,
,,,00.000000046100,   3.16000,
,,,00.000000046200,   3.16000,
,,,00.000000046300,   3.16000,
,,,00.000000046400,   3.16000,
,,,00.000000046500,   3.16000,
,,,00.000000046600,   3.16000,
,,,00.000000046700,   3.16000,
,,,00.000000046800,   3.16000,
,,,00.000000046900,   3.20000,
,,,00.000000047000,   3.20000,
,,,00.000000047100,   3.20000,
,,,00.000000047200,   3.20000,
,,,00.000000047300,   3.20000,
,,,00.000000047400,   3.24000,
,,,00.000000047500,   3.24000,
,,,00.000000047600,   3.24000,
,,,00.000000047700,   3.24000,
,,,00.000000047800,   3.24000,
,,,00.000000047900,   3.24000,
,,,00.000000048000,   3.20000,
,,,00.000000048100,   3.20000,
,,,00.000000048200,   3.20000,
,,,00.000000048300,   3.20000,
,,,00.000000048400,   3.20000,
,,,00.000000048500,   3.20000,
,,,00.000000048600,   3.20000,
,,,00.000000048700,   3.20000,
,,,00.000000048800,   3.20000,
,,,00.000000048900,   3.24000,
,,,00.000000049000,   3.24000,
,,,00.000000049100,   3.24000,
,,,00.000000049200,   3.24000,
,,,00.000000049300,   3.24000,
,,,00.000000049400,   3.28000,
,,,00.000000049500,   3.28000,
,,,00.000000049600,   3.28000,
,,,00.000000049700,   3.28000,
,,,00.000000049800,   3.28000,
,,,00.000000049900,   3.32000,
,,,00.000000050000,   3.32000,
,,,00.000000050100,   3.32000,
,,,00.000000050200,   3.32000,
,,,00.000000050300,   3.32000,
,,,00.000000050400,   3.32000,
,,,00.000000050500,   3.32000,
,,,00.000000050600,   3.32000,
,,,00.000000050700,   3.32000,
,,,00.000000050800,   3.32000,
,,,00.000000050900,   3.36000,
,,,00.000000051000,   3.32000,
,,,00.000000051100,   3.32000,
,,,00.000000051200,   3.32000,
,,,00.000000051300,   3.32000,
,,,00.000000051400,   3.32000,
,,,00.000000051500,   3.32000,
,,,00.000000051600,   3.32000,
,,,00.000000051700,   3.32000,
,,,00.000000051800,   3.32000,
,,,00.000000051900,   3.36000,
,,,00.000000052000,   3.36000,
,,,00.000000052100,   3.36000,
,,,00.000000052200,   3.36000,
,,,00.000000052300,   3.40000,
,,,00.000000052400,   3.40000,
,,,00.000000052500,   3.36000,
,,,00.000000052600,   3.36000,
,,,00.000000052700,   3.36000,
,,,00.000000052800,   3.36000,
,,,00.000000052900,   3.36000,
,,,00.000000053000,   3.36000,
,,,00.000000053100,   3.36000,
,,,00.000000053200,   3.36000,
,,,00.000000053300,   3.36000,
,,,00.000000053400,   3.36000,
,,,00.000000053500,   3.36000,
,,,00.000000053600,   3.36000,
,,,00.000000053700,   3.36000,
,,,00.000000053800,   3.36000,
,,,00.000000053900,   3.36000,
,,,00.000000054000,   3.36000,
,,,00.000000054100,   3.36000,
,,,00.000000054200,   3.36000,
,,,00.000000054300,   3.36000,
,,,00.000000054400,   3.40000,
,,,00.000000054500,   3.40000,
,,,00.000000054600,   3.40000,
,,,00.000000054700,   3.40000,
,,,00.000000054800,   3.40000,
,,,00.000000054900,   3.40000,
,,,00.000000055000,   3.36000,
,,,00.000000055100,   3.36000,
,,,00.000000055200,   3.36000,
,,,00.000000055300,   3.36000,
,,,00.000000055400,   3.36000,
,,,00.000000055500,   3.36000,
,,,00.000000055600,   3.32000,
,,,00.000000055700,   3.32000,
,,,00.000000055800,   3.36000,
,,,00.000000055900,   3.36000,
,,,00.000000056000,   3.36000,
,,,00.000000056100,   3.36000,
,,,00.000000056200,   3.36000,
,,,00.000000056300,   3.36000,
,,,00.000000056400,   3.40000,
,,,00.000000056500,   3.36000,
,,,00.000000056600,   3.36000,
,,,00.000000056700,   3.36000,
,,,00.000000056800,   3.36000,
,,,00.000000056900,   3.36000,
,,,00.000000057000,   3.36000,
,,,00.000000057100,   3.32000,
,,,00.000000057200,   3.32000,
,,,00.000000057300,   3.36000,
,,,00.000000057400,   3.36000,
,,,00.000000057500,   3.36000,
,,,00.000000057600,   3.36000,
,,,00.000000057700,   3.36000,
,,,00.000000057800,   3.36000,
,,,00.000000057900,   3.40000,
,,,00.000000058000,   3.36000,
,,,00.000000058100,   3.36000,
,,,00.000000058200,   3.36000,
,,,00.000000058300,   3.36000,
,,,00.000000058400,   3.36000,
,,,00.000000058500,   3.36000,
,,,00.000000058600,   3.36000,
,,,00.000000058700,   3.36000,
,,,00.000000058800,   3.36000,
,,,00.000000058900,   3.36000,
,,,00.000000059000,   3.32000,
,,,00.000000059100,   3.32000,
,,,00.000000059200,   3.32000,
,,,00.000000059300,   3.32000,
,,,00.000000059400,   3.32000,
,,,00.000000059500,   3.32000,
,,,00.000000059600,   3.32000,
,,,00.000000059700,   3.32000,
,,,00.000000059800,   3.32000,
,,,00.000000059900,   3.36000,
,,,00.000000060000,   3.36000,
,,,00.000000060100,   3.36000,
,,,00.000000060200,   3.36000,
,,,00.000000060300,   3.36000,
,,,00.000000060400,   3.36000,
,,,00.000000060500,   3.36000,
,,,00.000000060600,   3.36000,
,,,00.000000060700,   3.36000,
,,,00.000000060800,   3.36000,
,,,00.000000060900,   3.36000,
,,,00.000000061000,   3.32000,
,,,00.000000061100,   3.32000,
,,,00.000000061200,   3.32000,
,,,00.000000061300,   3.32000,
,,,00.000000061400,   3.32000,
,,,00.000000061500,   3.32000,
,,,00.000000061600,   3.32000,
,,,00.000000061700,   3.32000,
,,,00.000000061800,   3.32000,
,,,00.000000061900,   3.32000,
,,,00.000000062000,   3.32000,
,,,00.000000062100,   3.32000,
,,,00.000000062200,   3.32000,
,,,00.000000062300,   3.32000,
,,,00.000000062400,   3.32000,
,,,00.000000062500,   3.32000,
,,,00.000000062600,   3.32000,
,,,00.000000062700,   3.32000,
,,,00.000000062800,   3.32000,
,,,00.000000062900,   3.32000,
,,,00.000000063000,   3.32000,
,,,00.000000063100,   3.32000,
,,,00.000000063200,   3.32000,
,,,00.000000063300,   3.32000,
,,,00.000000063400,   3.36000,
,,,00.000000063500,   3.32000,
,,,00.000000063600,   3.32000,
,,,00.000000063700,   3.32000,
,,,00.000000063800,   3.32000,
,,,00.000000063900,   3.32000,
,,,00.000000064000,   3.32000,
,,,00.000000064100,   3.32000,
,,,00.000000064200,   3.32000,
,,,00.000000064300,   3.32000,
,,,00.000000064400,   3.36000,
,,,00.000000064500,   3.36000,
,,,00.000000064600,   3.36000,
,,,00.000000064700,   3.36000,
,,,00.000000064800,   3.36000,
,,,00.000000064900,   3.36000,
,,,00.000000065000,   3.36000,
,,,00.000000065100,   3.36000,
,,,00.000000065200,   3.36000,
,,,00.000000065300,   3.40000,
,,,00.000000065400,   3.40000,
,,,00.000000065500,   3.36000,
,,,00.000000065600,   3.32000,
,,,00.000000065700,   3.32000,
,,,00.000000065800,   3.28000,
,,,00.000000065900,   3.28000,
,,,00.000000066000,   3.28000,
,,,00.000000066100,   3.28000,
,,,00.000000066200,   3.28000,
,,,00.000000066300,   3.28000,
,,,00.000000066400,   3.32000,
,,,00.000000066500,   3.32000,
,,,00.000000066600,   3.36000,
,,,00.000000066700,   3.36000,
,,,00.000000066800,   3.36000,
,,,00.000000066900,   3.40000,
,,,00.000000067000,   3.36000,
,,,00.000000067100,   3.36000,
,,,00.000000067200,   3.36000,
,,,00.000000067300,   3.36000,
,,,00.000000067400,   3.36000,
,,,00.000000067500,   3.36000,
,,,00.000000067600,   3.36000,
,,,00.000000067700,   3.40000,
,,,00.000000067800,   3.40000,
,,,00.000000067900,   3.44000,
,,,00.000000068000,   3.44000,
,,,00.000000068100,   3.44000,
,,,00.000000068200,   3.44000,
,,,00.000000068300,   3.44000,
,,,00.000000068400,   3.44000,
,,,00.000000068500,   3.44000,
,,,00.000000068600,   3.44000,
,,,00.000000068700,   3.44000,
,,,00.000000068800,   3.44000,
,,,00.000000068900,   3.44000,
,,,00.000000069000,   3.40000,
,,,00.000000069100,   3.40000,
,,,00.000000069200,   3.40000,
,,,00.000000069300,   3.40000,
,,,00.000000069400,   3.40000,
,,,00.000000069500,   3.40000,
,,,00.000000069600,   3.40000,
,,,00.000000069700,   3.40000,
,,,00.000000069800,   3.40000,
,,,00.000000069900,   3.44000,
,,,00.000000070000,   3.44000,
,,,00.000000070100,   3.44000,
,,,00.000000070200,   3.44000,
,,,00.000000070300,   3.48000,
,,,00.000000070400,   3.48000,
,,,00.000000070500,   3.44000,
,,,00.000000070600,   3.44000,
,,,00.000000070700,   3.44000,
,,,00.000000070800,   3.44000,
,,,00.000000070900,   3.44000,
,,,00.000000071000,   3.44000,
,,,00.000000071100,   3.40000,
,,,00.000000071200,   3.40000,
,,,00.000000071300,   3.44000,
,,,00.000000071400,   3.44000,
,,,00.000000071500,   3.44000,
,,,00.000000071600,   3.44000,
,,,00.000000071700,   3.44000,
,,,00.000000071800,   3.44000,
,,,00.000000071900,   3.48000,
,,,00.000000072000,   3.48000,
,,,00.000000072100,   3.44000,
,,,00.000000072200,   3.44000,
,,,00.000000072300,   3.44000,
,,,00.000000072400,   3.44000,
,,,00.000000072500,   3.40000,
,,,00.000000072600,   3.40000,
,,,00.000000072700,   3.40000,
,,,00.000000072800,   3.40000,
,,,00.000000072900,   3.40000,
,,,00.000000073000,   3.40000,
,,,00.000000073100,   3.40000,
,,,00.000000073200,   3.40000,
,,,00.000000073300,   3.40000,
,,,00.000000073400,   3.44000,
,,,00.000000073500,   3.40000,
,,,00.000000073600,   3.40000,
,,,00.000000073700,   3.40000,
,,,00.000000073800,   3.40000,
,,,00.000000073900,   3.40000,
,,,00.000000074000,   3.40000,
,,,00.000000074100,   3.40000,
,,,00.000000074200,   3.40000,
,,,00.000000074300,   3.40000,
,,,00.000000074400,   3.44000,
,,,00.000000074500,   3.40000,
,,,00.000000074600,   3.40000,
,,,00.000000074700,   3.40000,
,,,00.000000074800,   3.40000,
,,,00.000000074900,   3.40000,
,,,00.000000075000,   3.40000,
,,,00.000000075100,   3.40000,
,,,00.000000075200,   3.40000,
,,,00.000000075300,   3.40000,
,,,00.000000075400,   3.44000,
,,,00.000000075500,   3.40000,
,,,00.000000075600,   3.40000,
,,,00.000000075700,   3.40000,
,,,00.000000075800,   3.40000,
,,,00.000000075900,   3.40000,
,,,00.000000076000,   3.40000,
,,,00.000000076100,   3.40000,
,,,00.000000076200,   3.40000,
,,,00.000000076300,   3.40000,
,,,00.000000076400,   3.44000,
,,,00.000000076500,   3.44000,
,,,00.000000076600,   3.44000,
,,,00.000000076700,   3.44000,
,,,00.000000076800,   3.44000,
,,,00.000000076900,   3.44000,
,,,00.000000077000,   3.40000,
,,,00.000000077100,   3.40000,
,,,00.000000077200,   3.40000,
,,,00.000000077300,   3.40000,
,,,00.000000077400,   3.40000,
,,,00.000000077500,   3.40000,
,,,00.000000077600,   3.40000,
,,,00.000000077700,   3.40000,
,,,00.000000077800,   3.40000,
,,,00.000000077900,   3.40000,
,,,00.000000078000,   3.40000,
,,,00.000000078100,   3.40000,
,,,00.000000078200,   3.40000,
,,,00.000000078300,   3.40000,
,,,00.000000078400,   3.40000,
,,,00.000000078500,   3.40000,
,,,00.000000078600,   3.40000,
,,,00.000000078700,   3.40000,
,,,00.000000078800,   3.40000,
,,,00.000000078900,   3.44000,
,,,00.000000079000,   3.40000,
,,,00.000000079100,   3.40000,
,,,00.000000079200,   3.40000,
,,,00.000000079300,   3.40000,
,,,00.000000079400,   3.40000,
,,,00.000000079500,   3.40000,
,,,00.000000079600,   3.36000,
,,,00.000000079700,   3.36000,
,,,00.000000079800,   3.40000,
,,,00.000000079900,   3.40000,
,,,00.000000080000,   3.40000,
,,,00.000000080100,   3.40000,
,,,00.000000080200,   3.40000,
,,,00.000000080300,   3.44000,
,,,00.000000080400,   3.44000,
,,,00.000000080500,   3.40000,
,,,00.000000080600,   3.40000,
,,,00.000000080700,   3.36000,
,,,00.000000080800,   3.36000,
,,,00.000000080900,   3.36000,
,,,00.000000081000,   3.36000,
,,,00.000000081100,   3.32000,
,,,00.000000081200,   3.36000,
,,,00.000000081300,   3.36000,
,,,00.000000081400,   3.36000,
,,,00.000000081500,   3.36000,
,,,00.000000081600,   3.36000,
,,,00.000000081700,   3.36000,
,,,00.000000081800,   3.36000,
,,,00.000000081900,   3.36000,
,,,00.000000082000,   3.36000,
,,,00.000000082100,   3.32000,
,,,00.000000082200,   3.32000,
,,,00.000000082300,   3.36000,
,,,00.000000082400,   3.36000,
,,,00.000000082500,   3.36000,
,,,00.000000082600,   3.36000,
,,,00.000000082700,   3.40000,
,,,00.000000082800,   3.40000,
,,,00.000000082900,   3.44000,
,,,00.000000083000,   3.44000,
,,,00.000000083100,   3.44000,
,,,00.000000083200,   3.44000,
,,,00.000000083300,   3.44000,
,,,00.000000083400,   3.44000,
,,,00.000000083500,   3.44000,
,,,00.000000083600,   3.44000,
,,,00.000000083700,   3.44000,
,,,00.000000083800,   3.44000,
,,,00.000000083900,   3.44000,
,,,00.000000084000,   3.40000,
,,,00.000000084100,   3.40000,
,,,00.000000084200,   3.40000,
,,,00.000000084300,   3.40000,
,,,00.000000084400,   3.40000,
,,,00.000000084500,   3.40000,
,,,00.000000084600,   3.36000,
,,,00.000000084700,   3.36000,
,,,00.000000084800,   3.40000,
,,,00.000000084900,   3.40000,
,,,00.000000085000,   3.40000,
,,,00.000000085100,   3.40000,
,,,00.000000085200,   3.40000,
,,,00.000000085300,   3.40000,
,,,00.000000085400,   3.44000,
,,,00.000000085500,   3.44000,
,,,00.000000085600,   3.44000,
,,,00.000000085700,   3.44000,
,,,00.000000085800,   3.44000,
,,,00.000000085900,   3.44000,
,,,00.000000086000,   3.44000,
,,,00.000000086100,   3.44000,
,,,00.000000086200,   3.48000,
,,,00.000000086300,   3.48000,
,,,00.000000086400,   3.52000,
,,,00.000000086500,   3.52000,
,,,00.000000086600,   3.52000,
,,,00.000000086700,   3.52000,
,,,00.000000086800,   3.52000,
,,,00.000000086900,   3.52000,
,,,00.000000087000,   3.48000,
,,,00.000000087100,   3.48000,
,,,00.000000087200,   3.48000,
,,,00.000000087300,   3.48000,
,,,00.000000087400,   3.48000,
,,,00.000000087500,   3.48000,
,,,00.000000087600,   3.48000,
,,,00.000000087700,   3.48000,
,,,00.000000087800,   3.48000,
,,,00.000000087900,   3.48000,
,,,00.000000088000,   3.48000,
,,,00.000000088100,   3.48000,
,,,00.000000088200,   3.48000,
,,,00.000000088300,   3.48000,
,,,00.000000088400,   3.48000,
,,,00.000000088500,   3.48000,
,,,00.000000088600,   3.48000,
,,,00.000000088700,   3.48000,
,,,00.000000088800,   3.48000,
,,,00.000000088900,   3.48000,
,,,00.000000089000,   3.44000,
,,,00.000000089100,   3.44000,
,,,00.000000089200,   3.44000,
,,,00.000000089300,   3.40000,
,,,00.000000089400,   3.40000,
,,,00.000000089500,   3.36000,
,,,00.000000089600,   3.36000,
,,,00.000000089700,   3.32000,
,,,00.000000089800,   3.32000,
,,,00.000000089900,   3.32000,
,,,00.000000090000,   3.28000,
,,,00.000000090100,   3.28000,
,,,00.000000090200,   3.28000,
,,,00.000000090300,   3.28000,
,,,00.000000090400,   3.28000,
,,,00.000000090500,   3.24000,
,,,00.000000090600,   3.20000,
,,,00.000000090700,   3.20000,
,,,00.000000090800,   3.16000,
,,,00.000000090900,   3.16000,
,,,00.000000091000,   3.12000,
,,,00.000000091100,   3.12000,
,,,00.000000091200,   3.08000,
,,,00.000000091300,   3.08000,
,,,00.000000091400,   3.08000,
,,,00.000000091500,   3.04000,
,,,00.000000091600,   3.00000,
,,,00.000000091700,   3.00000,
,,,00.000000091800,   2.96000,
,,,00.000000091900,   2.96000,
,,,00.000000092000,   2.92000,
,,,00.000000092100,   2.92000,
,,,00.000000092200,   2.88000,
,,,00.000000092300,   2.88000,
,,,00.000000092400,   2.88000,
,,,00.000000092500,   2.84000,
,,,00.000000092600,   2.80000,
,,,00.000000092700,   2.80000,
,,,00.000000092800,   2.76000,
,,,00.000000092900,   2.76000,
,,,00.000000093000,   2.72000,
,,,00.000000093100,   2.68000,
,,,00.000000093200,   2.68000,
,,,00.000000093300,   2.64000,
,,,00.000000093400,   2.64000,
,,,00.000000093500,   2.60000,
,,,00.000000093600,   2.60000,
,,,00.000000093700,   2.56000,
,,,00.000000093800,   2.56000,
,,,00.000000093900,   2.56000,
,,,00.000000094000,   2.52000,
,,,00.000000094100,   2.48000,
,,,00.000000094200,   2.48000,
,,,00.000000094300,   2.44000,
,,,00.000000094400,   2.44000,
,,,00.000000094500,   2.40000,
,,,00.000000094600,   2.36000,
,,,00.000000094700,   2.36000,
,,,00.000000094800,   2.32000,
,,,00.000000094900,   2.32000,
,,,00.000000095000,   2.28000,
,,,00.000000095100,   2.28000,
,,,00.000000095200,   2.28000,
,,,00.000000095300,   2.28000,
,,,00.000000095400,   2.28000,
,,,00.000000095500,   2.24000,
,,,00.000000095600,   2.20000,
,,,00.000000095700,   2.16000,
,,,00.000000095800,   2.12000,
,,,00.000000095900,   2.12000,
,,,00.000000096000,   2.08000,
,,,00.000000096100,   2.04000,
,,,00.000000096200,   2.04000,
,,,00.000000096300,   2.00000,
,,,00.000000096400,   2.00000,
,,,00.000000096500,   1.96000,
,,,00.000000096600,   1.92000,
,,,00.000000096700,   1.92000,
,,,00.000000096800,   1.88000,
,,,00.000000096900,   1.88000,
,,,00.000000097000,   1.84000,
,,,00.000000097100,   1.84000,
,,,00.000000097200,   1.80000,
,,,00.000000097300,   1.76000,
,,,00.000000097400,   1.76000,
,,,00.000000097500,   1.72000,
,,,00.000000097600,   1.68000,
,,,00.000000097700,   1.64000,
,,,00.000000097800,   1.60000,
,,,00.000000097900,   1.56000,
,,,00.000000098000,   1.52000,
,,,00.000000098100,   1.48000,
,,,00.000000098200,   1.48000,
,,,00.000000098300,   1.44000,
,,,00.000000098400,   1.44000,
,,,00.000000098500,   1.40000,
,,,00.000000098600,   1.40000,
,,,00.000000098700,   1.36000,
,,,00.000000098800,   1.36000,
,,,00.000000098900,   1.36000,
,,,00.000000099000,   1.32000,
,,,00.000000099100,   1.32000,
,,,00.000000099200,   1.28000,
,,,00.000000099300,   1.28000,
,,,00.000000099400,   1.28000,
,,,00.000000099500,   1.24000,
,,,00.000000099600,   1.24000,
,,,00.000000099700,   1.24000,
,,,00.000000099800,   1.24000,
,,,00.000000099900,   1.24000,
,,,00.000000100000,   1.20000,
,,,00.000000100100,   1.20000,
,,,00.000000100200,   1.16000,
,,,00.000000100300,   1.16000,
,,,00.000000100400,   1.16000,
,,,00.000000100500,   1.12000,
,,,00.000000100600,   1.12000,
,,,00.000000100700,   1.08000,
,,,00.000000100800,   1.08000,
,,,00.000000100900,   1.08000,
,,,00.000000101000,   1.04000,
,,,00.000000101100,   1.04000,
,,,00.000000101200,   1.04000,
,,,00.000000101300,   1.04000,
,,,00.000000101400,   1.08000,
,,,00.000000101500,   1.08000,
,,,00.000000101600,   1.08000,
,,,00.000000101700,   1.08000,
,,,00.000000101800,   1.08000,
,,,00.000000101900,   1.12000,
,,,00.000000102000,   1.12000,
,,,00.000000102100,   1.12000,
,,,00.000000102200,   1.12000,
,,,00.000000102300,   1.12000,
,,,00.000000102400,   1.16000,
,,,00.000000102500,   1.16000,
,,,00.000000102600,   1.16000,
,,,00.000000102700,   1.16000,
,,,00.000000102800,   1.16000,
,,,00.000000102900,   1.20000,
,,,00.000000103000,   1.20000,
,,,00.000000103100,   1.20000,
,,,00.000000103200,   1.20000,
,,,00.000000103300,   1.20000,
,,,00.000000103400,   1.20000,
,,,00.000000103500,   1.20000,
,,,00.000000103600,   1.20000,
,,,00.000000103700,   1.20000,
,,,00.000000103800,   1.20000,
,,,00.000000103900,   1.24000,
,,,00.000000104000,   1.24000,
,,,00.000000104100,   1.28000,
,,,00.000000104200,   1.28000,
,,,00.000000104300,   1.28000,
,,,00.000000104400,   1.32000,
,,,00.000000104500,   1.32000,
,,,00.000000104600,   1.28000,
,,,00.000000104700,   1.28000,
,,,00.000000104800,   1.28000,
,,,00.000000104900,   1.28000,
,,,00.000000105000,   1.28000,
,,,00.000000105100,   1.24000,
,,,00.000000105200,   1.24000,
,,,00.000000105300,   1.28000,
,,,00.000000105400,   1.28000,
,,,00.000000105500,   1.28000,
,,,00.000000105600,   1.28000,
,,,00.000000105700,   1.28000,
,,,00.000000105800,   1.28000,
,,,00.000000105900,   1.32000,
,,,00.000000106000,   1.32000,
,,,00.000000106100,   1.28000,
,,,00.000000106200,   1.28000,
,,,00.000000106300,   1.28000,
,,,00.000000106400,   1.28000,
,,,00.000000106500,   1.24000,
,,,00.000000106600,   1.24000,
,,,00.000000106700,   1.20000,
,,,00.000000106800,   1.20000,
,,,00.000000106900,   1.20000,
,,,00.000000107000,   1.20000,
,,,00.000000107100,   1.16000,
,,,00.000000107200,   1.20000,
,,,00.000000107300,   1.20000,
,,,00.000000107400,   1.20000,
,,,00.000000107500,   1.20000,
,,,00.000000107600,   1.20000,
,,,00.000000107700,   1.20000,
,,,00.000000107800,   1.20000,
,,,00.000000107900,   1.20000,
,,,00.000000108000,   1.20000,
,,,00.000000108100,   1.20000,
,,,00.000000108200,   1.20000,
,,,00.000000108300,   1.20000,
,,,00.000000108400,   1.24000,
,,,00.000000108500,   1.20000,
,,,00.000000108600,   1.20000,
,,,00.000000108700,   1.20000,
,,,00.000000108800,   1.20000,
,,,00.000000108900,   1.20000,
,,,00.000000109000,   1.16000,
,,,00.000000109100,   1.16000,
,,,00.000000109200,   1.16000,
,,,00.000000109300,   1.16000,
,,,00.000000109400,   1.20000,
,,,00.000000109500,   1.20000,
,,,00.000000109600,   1.20000,
,,,00.000000109700,   1.24000,
,,,00.000000109800,   1.24000,
,,,00.000000109900,   1.28000,
,,,00.000000110000,   1.28000,
,,,00.000000110100,   1.24000,
,,,00.000000110200,   1.24000,
,,,00.000000110300,   1.24000,
,,,00.000000110400,   1.24000,
,,,00.000000110500,   1.20000,
,,,00.000000110600,   1.20000,
,,,00.000000110700,   1.20000,
,,,00.000000110800,   1.20000,
,,,00.000000110900,   1.20000,
,,,00.000000111000,   1.16000,
,,,00.000000111100,   1.16000,
,,,00.000000111200,   1.12000,
,,,00.000000111300,   1.12000,
,,,00.000000111400,   1.12000,
,,,00.000000111500,   1.08000,
,,,00.000000111600,   1.08000,
,,,00.000000111700,   1.08000,
,,,00.000000111800,   1.04000,
,,,00.000000111900,   1.04000,
,,,00.000000112000,   1.00000,
,,,00.000000112100,   0.96000,
,,,00.000000112200,   0.96000,
,,,00.000000112300,   0.92000,
,,,00.000000112400,   0.92000,
,,,00.000000112500,   0.88000,
,,,00.000000112600,   0.88000,
,,,00.000000112700,   0.84000,
,,,00.000000112800,   0.84000,
,,,00.000000112900,   0.84000,
,,,00.000000113000,   0.80000,
,,,00.000000113100,   0.80000,
,,,00.000000113200,   0.76000,
,,,00.000000113300,   0.76000,
,,,00.000000113400,   0.76000,
,,,00.000000113500,   0.72000,
,,,00.000000113600,   0.72000,
,,,00.000000113700,   0.68000,
,,,00.000000113800,   0.68000,
,,,00.000000113900,   0.68000,
,,,00.000000114000,   0.64000,
,,,00.000000114100,   0.64000,
,,,00.000000114200,   0.64000,
,,,00.000000114300,   0.64000,
,,,00.000000114400,   0.64000,
,,,00.000000114500,   0.60000,
,,,00.000000114600,   0.60000,
,,,00.000000114700,   0.56000,
,,,00.000000114800,   0.56000,
,,,00.000000114900,   0.56000,
,,,00.000000115000,   0.52000,
,,,00.000000115100,   0.52000,
,,,00.000000115200,   0.52000,
,,,00.000000115300,   0.52000,
,,,00.000000115400,   0.52000,
,,,00.000000115500,   0.52000,
,,,00.000000115600,   0.52000,
,,,00.000000115700,   0.52000,
,,,00.000000115800,   0.52000,
,,,00.000000115900,   0.52000,
,,,00.000000116000,   0.52000,
,,,00.000000116100,   0.52000,
,,,00.000000116200,   0.52000,
,,,00.000000116300,   0.52000,
,,,00.000000116400,   0.52000,
,,,00.000000116500,   0.48000,
,,,00.000000116600,   0.48000,
,,,00.000000116700,   0.48000,
,,,00.000000116800,   0.48000,
,,,00.000000116900,   0.48000,
,,,00.000000117000,   0.48000,
,,,00.000000117100,   0.48000,
,,,00.000000117200,   0.48000,
,,,00.000000117300,   0.48000,
,,,00.000000117400,   0.48000,
,,,00.000000117500,   0.44000,
,,,00.000000117600,   0.44000,
,,,00.000000117700,   0.44000,
,,,00.000000117800,   0.44000,
,,,00.000000117900,   0.44000,
,,,00.000000118000,   0.44000,
,,,00.000000118100,   0.44000,
,,,00.000000118200,   0.44000,
,,,00.000000118300,   0.44000,
,,,00.000000118400,   0.48000,
,,,00.000000118500,   0.48000,
,,,00.000000118600,   0.44000,
,,,00.000000118700,   0.44000,
,,,00.000000118800,   0.44000,
,,,00.000000118900,   0.44000,
,,,00.000000119000,   0.40000,
,,,00.000000119100,   0.40000,
,,,00.000000119200,   0.40000,
,,,00.000000119300,   0.40000,
,,,00.000000119400,   0.40000,
,,,00.000000119500,   0.40000,
,,,00.000000119600,   0.40000,
,,,00.000000119700,   0.40000,
,,,00.000000119800,   0.40000,
,,,00.000000119900,   0.40000,
,,,00.000000120000,   0.40000,
,,,00.000000120100,   0.40000,
,,,00.000000120200,   0.40000,
,,,00.000000120300,   0.40000,
,,,00.000000120400,   0.40000,
,,,00.000000120500,   0.40000,
,,,00.000000120600,   0.40000,
,,,00.000000120700,   0.40000,
,,,00.000000120800,   0.40000,
,,,00.000000120900,   0.40000,
,,,00.000000121000,   0.40000,
,,,00.000000121100,   0.40000,
,,,00.000000121200,   0.40000,
,,,00.000000121300,   0.40000,
,,,00.000000121400,   0.40000,
,,,00.000000121500,   0.40000,
,,,00.000000121600,   0.40000,
,,,00.000000121700,   0.40000,
,,,00.000000121800,   0.40000,
,,,00.000000121900,   0.40000,
,,,00.000000122000,   0.40000,
,,,00.000000122100,   0.40000,
,,,00.000000122200,   0.40000,
,,,00.000000122300,   0.40000,
,,,00.000000122400,   0.44000,
,,,00.000000122500,   0.44000,
,,,00.000000122600,   0.44000,
,,,00.000000122700,   0.44000,
,,,00.000000122800,   0.44000,
,,,00.000000122900,   0.48000,
,,,00.000000123000,   0.48000,
,,,00.000000123100,   0.48000,
,,,00.000000123200,   0.48000,
,,,00.000000123300,   0.48000,
,,,00.000000123400,   0.52000,
,,,00.000000123500,   0.52000,
,,,00.000000123600,   0.52000,
,,,00.000000123700,   0.52000,
,,,00.000000123800,   0.52000,
,,,00.000000123900,   0.52000,
,,,00.000000124000,   0.52000,
,,,00.000000124100,   0.52000,
,,,00.000000124200,   0.52000,
,,,00.000000124300,   0.52000,
,,,00.000000124400,   0.56000,
,,,00.000000124500,   0.56000,
,,,00.000000124600,   0.56000,
,,,00.000000124700,   0.60000,
,,,00.000000124800,   0.60000,
,,,00.000000124900,   0.64000,
,,,00.000000125000,   0.64000,
,,,00.000000125100,   0.64000,
,,,00.000000125200,   0.64000,
,,,00.000000125300,   0.64000,
,,,00.000000125400,   0.64000,
,,,00.000000125500,   0.64000,
,,,00.000000125600,   0.64000,
,,,00.000000125700,   0.64000,
,,,00.000000125800,   0.64000,
,,,00.000000125900,   0.64000,
,,,00.000000126000,   0.64000,
,,,00.000000126100,   0.64000,
,,,00.000000126200,   0.64000,
,,,00.000000126300,   0.64000,
,,,00.000000126400,   0.64000,
,,,00.000000126500,   0.64000,
,,,00.000000126600,   0.64000,
,,,00.000000126700,   0.64000,
,,,00.000000126800,   0.64000,
,,,00.000000126900,   0.64000,
,,,00.000000127000,   0.60000,
,,,00.000000127100,   0.60000,
,,,00.000000127200,   0.56000,
,,,00.000000127300,   0.56000,
,,,00.000000127400,   0.56000,
,,,00.000000127500,   0.52000,
,,,00.000000127600,   0.52000,
,,,00.000000127700,   0.52000,
,,,00.000000127800,   0.52000,
,,,00.000000127900,   0.52000,
,,,00.000000128000,   0.52000,
,,,00.000000128100,   0.52000,
,,,00.000000128200,   0.52000,
,,,00.000000128300,   0.52000,
,,,00.000000128400,   0.52000,
,,,00.000000128500,   0.48000,
,,,00.000000128600,   0.48000,
,,,00.000000128700,   0.48000,
,,,00.000000128800,   0.48000,
,,,00.000000128900,   0.48000,
,,,00.000000129000,   0.48000,
,,,00.000000129100,   0.48000,
,,,00.000000129200,   0.48000,
,,,00.000000129300,   0.48000,
,,,00.000000129400,   0.52000,
,,,00.000000129500,   0.52000,
,,,00.000000129600,   0.52000,
,,,00.000000129700,   0.52000,
,,,00.000000129800,   0.52000,
,,,00.000000129900,   0.52000,
,,,00.000000130000,   0.48000,
,,,00.000000130100,   0.48000,
,,,00.000000130200,   0.44000,
,,,00.000000130300,   0.44000,
,,,00.000000130400,   0.44000,
,,,00.000000130500,   0.44000,
,,,00.000000130600,   0.44000,
,,,00.000000130700,   0.44000,
,,,00.000000130800,   0.44000,
,,,00.000000130900,   0.44000,
,,,00.000000131000,   0.40000,
,,,00.000000131100,   0.40000,
,,,00.000000131200,   0.36000,
,,,00.000000131300,   0.36000,
,,,00.000000131400,   0.36000,
,,,00.000000131500,   0.36000,
,,,00.000000131600,   0.32000,
,,,00.000000131700,   0.36000,
,,,00.000000131800,   0.36000,
,,,00.000000131900,   0.36000,
,,,00.000000132000,   0.36000,
,,,00.000000132100,   0.36000,
,,,00.000000132200,   0.36000,
,,,00.000000132300,   0.36000,
,,,00.000000132400,   0.36000,
,,,00.000000132500,   0.36000,
,,,00.000000132600,   0.36000,
,,,00.000000132700,   0.36000,
,,,00.000000132800,   0.36000,
,,,00.000000132900,   0.36000,
,,,00.000000133000,   0.32000,
,,,00.000000133100,   0.32000,
,,,00.000000133200,   0.32000,
,,,00.000000133300,   0.32000,
,,,00.000000133400,   0.32000,
,,,00.000000133500,   0.28000,
,,,00.000000133600,   0.28000,
,,,00.000000133700,   0.28000,
,,,00.000000133800,   0.28000,
,,,00.000000133900,   0.28000,
,,,00.000000134000,   0.24000,
,,,00.000000134100,   0.24000,
,,,00.000000134200,   0.24000,
,,,00.000000134300,   0.24000,
,,,00.000000134400,   0.24000,
,,,00.000000134500,   0.24000,
,,,00.000000134600,   0.24000,
,,,00.000000134700,   0.24000,
,,,00.000000134800,   0.24000,
,,,00.000000134900,   0.28000,
,,,00.000000135000,   0.24000,
,,,00.000000135100,   0.24000,
,,,00.000000135200,   0.24000,
,,,00.000000135300,   0.24000,
,,,00.000000135400,   0.24000,
,,,00.000000135500,   0.24000,
,,,00.000000135600,   0.24000,
,,,00.000000135700,   0.24000,
,,,00.000000135800,   0.24000,
,,,00.000000135900,   0.24000,
,,,00.000000136000,   0.20000,
,,,00.000000136100,   0.20000,
,,,00.000000136200,   0.20000,
,,,00.000000136300,   0.20000,
,,,00.000000136400,   0.20000,
,,,00.000000136500,   0.16000,
,,,00.000000136600,   0.16000,
,,,00.000000136700,   0.16000,
,,,00.000000136800,   0.16000,
,,,00.000000136900,   0.16000,
,,,00.000000137000,   0.16000,
,,,00.000000137100,   0.16000,
,,,00.000000137200,   0.16000,
,,,00.000000137300,   0.16000,
,,,00.000000137400,   0.20000,
,,,00.000000137500,   0.20000,
,,,00.000000137600,   0.20000,
,,,00.000000137700,   0.20000,
,,,00.000000137800,   0.24000,
,,,00.000000137900,   0.24000,
,,,00.000000138000,   0.20000,
,,,00.000000138100,   0.20000,
,,,00.000000138200,   0.20000,
,,,00.000000138300,   0.20000,
,,,00.000000138400,   0.20000,
,,,00.000000138500,   0.20000,
,,,00.000000138600,   0.20000,
,,,00.000000138700,   0.20000,
,,,00.000000138800,   0.20000,
,,,00.000000138900,   0.24000,
,,,00.000000139000,   0.24000,
,,,00.000000139100,   0.24000,
,,,00.000000139200,   0.24000,
,,,00.000000139300,   0.24000,
,,,00.000000139400,   0.24000,
,,,00.000000139500,   0.24000,
,,,00.000000139600,   0.24000,
,,,00.000000139700,   0.24000,
,,,00.000000139800,   0.24000,
,,,00.000000139900,   0.28000,
,,,00.000000140000,   0.24000,
,,,00.000000140100,   0.24000,
,,,00.000000140200,   0.24000,
,,,00.000000140300,   0.24000,
,,,00.000000140400,   0.24000,
,,,00.000000140500,   0.24000,
,,,00.000000140600,   0.24000,
,,,00.000000140700,   0.24000,
,,,00.000000140800,   0.24000,
,,,00.000000140900,   0.28000,
,,,00.000000141000,   0.28000,
,,,00.000000141100,   0.28000,
,,,00.000000141200,   0.28000,
,,,00.000000141300,   0.28000,
,,,00.000000141400,   0.28000,
,,,00.000000141500,   0.28000,
,,,00.000000141600,   0.28000,
,,,00.000000141700,   0.28000,
,,,00.000000141800,   0.28000,
,,,00.000000141900,   0.32000,
,,,00.000000142000,   0.32000,
,,,00.000000142100,   0.32000,
,,,00.000000142200,   0.32000,
,,,00.000000142300,   0.32000,
,,,00.000000142400,   0.32000,
,,,00.000000142500,   0.32000,
,,,00.000000142600,   0.32000,
,,,00.000000142700,   0.32000,
,,,00.000000142800,   0.32000,
,,,00.000000142900,   0.32000,
,,,00.000000143000,   0.32000,
,,,00.000000143100,   0.32000,
,,,00.000000143200,   0.32000,
,,,00.000000143300,   0.32000,
,,,00.000000143400,   0.36000,
,,,00.000000143500,   0.36000,
,,,00.000000143600,   0.36000,
,,,00.000000143700,   0.36000,
,,,00.000000143800,   0.36000,
,,,00.000000143900,   0.36000,
,,,00.000000144000,   0.32000,
,,,00.000000144100,   0.32000,
,,,00.000000144200,   0.32000,
,,,00.000000144300,   0.32000,
,,,00.000000144400,   0.32000,
,,,00.000000144500,   0.32000,
,,,00.000000144600,   0.32000,
,,,00.000000144700,   0.32000,
,,,00.000000144800,   0.32000,
,,,00.000000144900,   0.36000,
,,,00.000000145000,   0.32000,
,,,00.000000145100,   0.32000,
,,,00.000000145200,   0.32000,
,,,00.000000145300,   0.32000,
,,,00.000000145400,   0.32000,
,,,00.000000145500,   0.32000,
,,,00.000000145600,   0.32000,
,,,00.000000145700,   0.32000,
,,,00.000000145800,   0.32000,
,,,00.000000145900,   0.36000,
,,,00.000000146000,   0.36000,
,,,00.000000146100,   0.36000,
,,,00.000000146200,   0.36000,
,,,00.000000146300,   0.36000,
,,,00.000000146400,   0.36000,
,,,00.000000146500,   0.36000,
,,,00.000000146600,   0.32000,
,,,00.000000146700,   0.32000,
,,,00.000000146800,   0.32000,
,,,00.000000146900,   0.32000,
,,,00.000000147000,   0.28000,
,,,00.000000147100,   0.28000,
,,,00.000000147200,   0.24000,
,,,00.000000147300,   0.24000,
,,,00.000000147400,   0.24000,
,,,00.000000147500,   0.20000,
,,,00.000000147600,   0.20000,
,,,00.000000147700,   0.20000,
,,,00.000000147800,   0.20000,
,,,00.000000147900,   0.20000,
,,,00.000000148000,   0.20000,
,,,00.000000148100,   0.16000,
,,,00.000000148200,   0.16000,
,,,00.000000148300,   0.20000,
,,,00.000000148400,   0.20000,
,,,00.000000148500,   0.20000,
,,,00.000000148600,   0.20000,
,,,00.000000148700,   0.20000,
,,,00.000000148800,   0.20000,
,,,00.000000148900,   0.24000,
,,,00.000000149000,   0.24000,
,,,00.000000149100,   0.24000,
,,,00.000000149200,   0.24000,
,,,00.000000149300,   0.24000,
,,,00.000000149400,   0.24000,
,,,00.000000149500,   0.20000,
,,,00.000000149600,   0.20000,
,,,00.000000149700,   0.20000,
,,,00.000000149800,   0.20000,
,,,00.000000149900,   0.20000,
,,,00.000000150000,   0.16000,
,,,00.000000150100,   0.16000,
,,,00.000000150200,   0.16000,
,,,00.000000150300,   0.16000,
,,,00.000000150400,   0.16000,
,,,00.000000150500,   0.12000,
,,,00.000000150600,   0.12000,
,,,00.000000150700,   0.12000,
,,,00.000000150800,   0.12000,
,,,00.000000150900,   0.12000,
,,,00.000000151000,   0.12000,
,,,00.000000151100,   0.12000,
,,,00.000000151200,   0.12000,
,,,00.000000151300,   0.12000,
,,,00.000000151400,   0.16000,
,,,00.000000151500,   0.16000,
,,,00.000000151600,   0.16000,
,,,00.000000151700,   0.16000,
,,,00.000000151800,   0.16000,
,,,00.000000151900,   0.16000,
,,,00.000000152000,   0.16000,
,,,00.000000152100,   0.16000,
,,,00.000000152200,   0.16000,
,,,00.000000152300,   0.16000,
,,,00.000000152400,   0.16000,
,,,00.000000152500,   0.12000,
,,,00.000000152600,   0.12000,
,,,00.000000152700,   0.12000,
,,,00.000000152800,   0.12000,
,,,00.000000152900,   0.12000,
,,,00.000000153000,   0.08000,
,,,00.000000153100,   0.08000,
,,,00.000000153200,   0.08000,
,,,00.000000153300,   0.08000,
,,,00.000000153400,   0.08000,
,,,00.000000153500,   0.08000,
,,,00.000000153600,   0.08000,
,,,00.000000153700,   0.08000,
,,,00.000000153800,   0.08000,
,,,00.000000153900,   0.12000,
,,,00.000000154000,   0.12000,
,,,00.000000154100,   0.08000,
,,,00.000000154200,   0.08000,
,,,00.000000154300,   0.08000,
,,,00.000000154400,   0.08000,
,,,00.000000154500,   0.04000,
,,,00.000000154600,   0.04000,
,,,00.000000154700,   0.04000,
,,,00.000000154800,   0.04000,
,,,00.000000154900,   0.04000,
,,,00.000000155000,   0.04000,
,,,00.000000155100,   0.04000,
,,,00.000000155200,   0.04000,
,,,00.000000155300,   0.04000,
,,,00.000000155400,   0.08000,
,,,00.000000155500,   0.08000,
,,,00.000000155600,   0.04000,
,,,00.000000155700,   0.04000,
,,,00.000000155800,   0.04000,
,,,00.000000155900,   0.04000,
,,,00.000000156000,   0.00000,
,,,00.000000156100,   0.00000,
,,,00.000000156200,   0.00000,
,,,00.000000156300,   0.00000,
,,,00.000000156400,   0.00000,
,,,00.000000156500,   0.00000,
,,,00.000000156600,  -0.04000,
,,,00.000000156700,  -0.04000,
,,,00.000000156800,   0.00000,
,,,00.000000156900,   0.00000,
,,,00.000000157000,   0.00000,
,,,00.000000157100,   0.00000,
,,,00.000000157200,   0.00000,
,,,00.000000157300,   0.00000,
,,,00.000000157400,   0.04000,
,,,00.000000157500,   0.04000,
,,,00.000000157600,   0.04000,
,,,00.000000157700,   0.04000,
,,,00.000000157800,   0.04000,
,,,00.000000157900,   0.08000,
,,,00.000000158000,   0.08000,
,,,00.000000158100,   0.08000,
,,,00.000000158200,   0.08000,
,,,00.000000158300,   0.08000,
,,,00.000000158400,   0.08000,
,,,00.000000158500,   0.08000,
,,,00.000000158600,   0.08000,
,,,00.000000158700,   0.08000,
,,,00.000000158800,   0.08000,
,,,00.000000158900,   0.08000,
,,,00.000000159000,   0.04000,
,,,00.000000159100,   0.04000,
,,,00.000000159200,   0.04000,
,,,00.000000159300,   0.04000,
,,,00.000000159400,   0.04000,
,,,00.000000159500,   0.04000,
,,,00.000000159600,   0.04000,
,,,00.000000159700,   0.04000,
,,,00.000000159800,   0.04000,
,,,00.000000159900,   0.08000,
,,,00.000000160000,   0.08000,
,,,00.000000160100,   0.08000,
,,,00.000000160200,   0.08000,
,,,00.000000160300,   0.08000,
,,,00.000000160400,   0.12000,
,,,00.000000160500,   0.12000,
,,,00.000000160600,   0.12000,
,,,00.000000160700,   0.12000,
,,,00.000000160800,   0.12000,
,,,00.000000160900,   0.12000,
,,,00.000000161000,   0.12000,
,,,00.000000161100,   0.12000,
,,,00.000000161200,   0.12000,
,,,00.000000161300,   0.12000,
,,,00.000000161400,   0.12000,
,,,00.000000161500,   0.12000,
,,,00.000000161600,   0.12000,
,,,00.000000161700,   0.12000,
,,,00.000000161800,   0.12000,
,,,00.000000161900,   0.12000,
,,,00.000000162000,   0.12000,
,,,00.000000162100,   0.12000,
,,,00.000000162200,   0.12000,
,,,00.000000162300,   0.12000,
,,,00.000000162400,   0.16000,
,,,00.000000162500,   0.12000,
,,,00.000000162600,   0.12000,
,,,00.000000162700,   0.12000,
,,,00.000000162800,   0.12000,
,,,00.000000162900,   0.12000,
,,,00.000000163000,   0.12000,
,,,00.000000163100,   0.12000,
,,,00.000000163200,   0.12000,
,,,00.000000163300,   0.12000,
,,,00.000000163400,   0.12000,
,,,00.000000163500,   0.12000,
,,,00.000000163600,   0.12000,
,,,00.000000163700,   0.12000,
,,,00.000000163800,   0.12000,
,,,00.000000163900,   0.12000,
,,,00.000000164000,   0.08000,
,,,00.000000164100,   0.08000,
,,,00.000000164200,   0.08000,
,,,00.000000164300,   0.08000,
,,,00.000000164400,   0.08000,
,,,00.000000164500,   0.04000,
,,,00.000000164600,   0.04000,
,,,00.000000164700,   0.04000,
,,,00.000000164800,   0.04000,
,,,00.000000164900,   0.04000,
,,,00.000000165000,   0.04000,
,,,00.000000165100,   0.00000,
,,,00.000000165200,   0.00000,
,,,00.000000165300,   0.04000,
,,,00.000000165400,   0.04000,
,,,00.000000165500,   0.04000,
,,,00.000000165600,   0.04000,
,,,00.000000165700,   0.04000,
,,,00.000000165800,   0.04000,
,,,00.000000165900,   0.08000,
,,,00.000000166000,   0.08000,
,,,00.000000166100,   0.08000,
,,,00.000000166200,   0.08000,
,,,00.000000166300,   0.08000,
,,,00.000000166400,   0.08000,
,,,00.000000166500,   0.04000,
,,,00.000000166600,   0.04000,
,,,00.000000166700,   0.04000,
,,,00.000000166800,   0.04000,
,,,00.000000166900,   0.04000,
,,,00.000000167000,   0.00000,
,,,00.000000167100,   0.00000,
,,,00.000000167200,   0.00000,
,,,00.000000167300,   0.00000,
,,,00.000000167400,   0.00000,
,,,00.000000167500,   0.00000,
,,,00.000000167600,   0.00000,
,,,00.000000167700,   0.00000,
,,,00.000000167800,   0.00000,
,,,00.000000167900,   0.04000,
,,,00.000000168000,   0.00000,
,,,00.000000168100,   0.00000,
,,,00.000000168200,   0.00000,
,,,00.000000168300,   0.00000,
,,,00.000000168400,   0.00000,
,,,00.000000168500,   0.00000,
,,,00.000000168600,   0.00000,
,,,00.000000168700,   0.00000,
,,,00.000000168800,   0.00000,
,,,00.000000168900,   0.00000,
,,,00.000000169000,   0.00000,
,,,00.000000169100,   0.00000,
,,,00.000000169200,   0.00000,
,,,00.000000169300,   0.00000,
,,,00.000000169400,   0.00000,
,,,00.000000169500,  -0.04000,
,,,00.000000169600,  -0.04000,
,,,00.000000169700,  -0.04000,
,,,00.000000169800,  -0.04000,
,,,00.000000169900,  -0.04000,
,,,00.000000170000,  -0.04000,
,,,00.000000170100,  -0.04000,
,,,00.000000170200,  -0.04000,
,,,00.000000170300,  -0.04000,
,,,00.000000170400,  -0.04000,
,,,00.000000170500,  -0.04000,
,,,00.000000170600,  -0.04000,
,,,00.000000170700,  -0.04000,
,,,00.000000170800,  -0.04000,
,,,00.000000170900,  -0.04000,
,,,00.000000171000,  -0.04000,
,,,00.000000171100,  -0.04000,
,,,00.000000171200,  -0.04000,
,,,00.000000171300,  -0.04000,
,,,00.000000171400,  -0.04000,
,,,00.000000171500,  -0.04000,
,,,00.000000171600,  -0.04000,
,,,00.000000171700,  -0.04000,
,,,00.000000171800,  -0.04000,
,,,00.000000171900,  -0.04000,
,,,00.000000172000,  -0.08000,
,,,00.000000172100,  -0.08000,
,,,00.000000172200,  -0.08000,
,,,00.000000172300,  -0.08000,
,,,00.000000172400,  -0.08000,
,,,00.000000172500,  -0.08000,
,,,00.000000172600,  -0.08000,
,,,00.000000172700,  -0.08000,
,,,00.000000172800,  -0.08000,
,,,00.000000172900,  -0.04000,
,,,00.000000173000,  -0.04000,
,,,00.000000173100,  -0.04000,
,,,00.000000173200,  -0.04000,
,,,00.000000173300,  -0.04000,
,,,00.000000173400,  -0.04000,
,,,00.000000173500,  -0.04000,
,,,00.000000173600,  -0.04000,
,,,00.000000173700,  -0.04000,
,,,00.000000173800,  -0.04000,
,,,00.000000173900,  -0.04000,
,,,00.000000174000,  -0.04000,
,,,00.000000174100,  -0.04000,
,,,00.000000174200,  -0.04000,
,,,00.000000174300,  -0.04000,
,,,00.000000174400,  -0.04000,
,,,00.000000174500,  -0.04000,
,,,00.000000174600,  -0.04000,
,,,00.000000174700,  -0.04000,
,,,00.000000174800,  -0.04000,
,,,00.000000174900,  -0.04000,
,,,00.000000175000,  -0.04000,
,,,00.000000175100,  -0.04000,
,,,00.000000175200,  -0.04000,
,,,00.000000175300,  -0.04000,
,,,00.000000175400,  -0.04000,
,,,00.000000175500,  -0.04000,
,,,00.000000175600,  -0.04000,
,,,00.000000175700,  -0.04000,
,,,00.000000175800,  -0.04000,
,,,00.000000175900,  -0.04000,
,,,00.000000176000,  -0.04000,
,,,00.000000176100,  -0.04000,
,,,00.000000176200,  -0.04000,
,,,00.000000176300,  -0.04000,
,,,00.000000176400,   0.00000,
,,,00.000000176500,   0.00000,
,,,00.000000176600,   0.00000,
,,,00.000000176700,   0.00000,
,,,00.000000176800,   0.00000,
,,,00.000000176900,   0.00000,
,,,00.000000177000,  -0.04000,
,,,00.000000177100,  -0.04000,
,,,00.000000177200,  -0.04000,
,,,00.000000177300,  -0.04000,
,,,00.000000177400,  -0.04000,
,,,00.000000177500,  -0.04000,
,,,00.000000177600,  -0.08000,
,,,00.000000177700,  -0.08000,
,,,00.000000177800,  -0.04000,
,,,00.000000177900,  -0.04000,
,,,00.000000178000,  -0.04000,
,,,00.000000178100,  -0.04000,
,,,00.000000178200,  -0.04000,
,,,00.000000178300,  -0.04000,
,,,00.000000178400,   0.00000,
,,,00.000000178500,   0.00000,
,,,00.000000178600,   0.00000,
,,,00.000000178700,   0.00000,
,,,00.000000178800,   0.00000,
,,,00.000000178900,   0.04000,
,,,00.000000179000,   0.04000,
,,,00.000000179100,   0.04000,
,,,00.000000179200,   0.04000,
,,,00.000000179300,   0.04000,
,,,00.000000179400,   0.04000,
,,,00.000000179500,   0.00000,
,,,00.000000179600,   0.00000,
,,,00.000000179700,   0.00000,
,,,00.000000179800,   0.00000,
,,,00.000000179900,   0.00000,
,,,00.000000180000,   0.00000,
,,,00.000000180100,   0.00000,
,,,00.000000180200,   0.00000,
,,,00.000000180300,   0.00000,
,,,00.000000180400,   0.00000,
,,,00.000000180500,  -0.04000,
,,,00.000000180600,  -0.04000,
,,,00.000000180700,  -0.08000,
,,,00.000000180800,  -0.08000,
,,,00.000000180900,  -0.08000,
,,,00.000000181000,  -0.12000,
,,,00.000000181100,  -0.12000,
,,,00.000000181200,  -0.12000,
,,,00.000000181300,  -0.12000,
,,,00.000000181400,  -0.12000,
,,,00.000000181500,  -0.12000,
,,,00.000000181600,  -0.12000,
,,,00.000000181700,  -0.08000,
,,,00.000000181800,  -0.08000,
,,,00.000000181900,  -0.04000,
,,,00.000000182000,  -0.04000,
,,,00.000000182100,  -0.04000,
,,,00.000000182200,  -0.04000,
,,,00.000000182300,   0.00000,
,,,00.000000182400,   0.00000,
,,,00.000000182500,  -0.04000,
,,,00.000000182600,  -0.04000,
,,,00.000000182700,  -0.04000,
,,,00.000000182800,  -0.04000,
,,,00.000000182900,  -0.04000,
,,,00.000000183000,  -0.04000,
,,,00.000000183100,  -0.08000,
,,,00.000000183200,  -0.08000,
,,,00.000000183300,  -0.04000,
,,,00.000000183400,  -0.04000,
,,,00.000000183500,  -0.04000,
,,,00.000000183600,  -0.04000,
,,,00.000000183700,  -0.04000,
,,,00.000000183800,  -0.04000,
,,,00.000000183900,   0.00000,
,,,00.000000184000,   0.00000,
,,,00.000000184100,   0.00000,
,,,00.000000184200,   0.00000,
,,,00.000000184300,   0.04000,
,,,00.000000184400,   0.04000,
,,,00.000000184500,   0.00000,
,,,00.000000184600,   0.00000,
,,,00.000000184700,   0.00000,
,,,00.000000184800,   0.00000,
,,,00.000000184900,   0.00000,
,,,00.000000185000,   0.00000,
,,,00.000000185100,   0.00000,
,,,00.000000185200,   0.00000,
,,,00.000000185300,   0.00000,
,,,00.000000185400,   0.00000,
,,,00.000000185500,  -0.04000,
,,,00.000000185600,  -0.04000,
,,,00.000000185700,  -0.08000,
,,,00.000000185800,  -0.08000,
,,,00.000000185900,  -0.08000,
,,,00.000000186000,  -0.08000,
,,,00.000000186100,  -0.08000,
,,,00.000000186200,  -0.08000,
,,,00.000000186300,  -0.08000,
,,,00.000000186400,  -0.04000,
,,,00.000000186500,  -0.04000,
,,,00.000000186600,  -0.04000,
,,,00.000000186700,  -0.04000,
,,,00.000000186800,   0.00000,
,,,00.000000186900,   0.00000,
,,,00.000000187000,  -0.04000,
,,,00.000000187100,  -0.04000,
,,,00.000000187200,  -0.04000,
,,,00.000000187300,  -0.04000,
,,,00.000000187400,  -0.04000,
,,,00.000000187500,  -0.04000,
,,,00.000000187600,  -0.04000,
,,,00.000000187700,  -0.04000,
,,,00.000000187800,  -0.04000,
,,,00.000000187900,   0.00000,
,,,00.000000188000,   0.00000,
,,,00.000000188100,   0.00000,
,,,00.000000188200,   0.00000,
,,,00.000000188300,   0.00000,
,,,00.000000188400,   0.00000,
,,,00.000000188500,   0.00000,
,,,00.000000188600,  -0.04000,
,,,00.000000188700,  -0.04000,
,,,00.000000188800,   0.00000,
,,,00.000000188900,   0.00000,
,,,00.000000189000,   0.00000,
,,,00.000000189100,   0.00000,
,,,00.000000189200,   0.04000,
,,,00.000000189300,   0.04000,
,,,00.000000189400,   0.08000,
,,,00.000000189500,   0.08000,
,,,00.000000189600,   0.08000,
,,,00.000000189700,   0.12000,
,,,00.000000189800,   0.12000,
,,,00.000000189900,   0.16000,
,,,00.000000190000,   0.16000,
,,,00.000000190100,   0.20000,
,,,00.000000190200,   0.20000,
,,,00.000000190300,   0.24000,
,,,00.000000190400,   0.28000,
,,,00.000000190500,   0.28000,
,,,00.000000190600,   0.32000,
,,,00.000000190700,   0.32000,
,,,00.000000190800,   0.36000,
,,,00.000000190900,   0.40000,
,,,00.000000191000,   0.40000,
,,,00.000000191100,   0.40000,
,,,00.000000191200,   0.44000,
,,,00.000000191300,   0.44000,
,,,00.000000191400,   0.48000,
,,,00.000000191500,   0.48000,
,,,00.000000191600,   0.52000,
,,,00.000000191700,   0.52000,
,,,00.000000191800,   0.56000,
,,,00.000000191900,   0.60000,
,,,00.000000192000,   0.60000,
,,,00.000000192100,   0.64000,
,,,00.000000192200,   0.64000,
,,,00.000000192300,   0.68000,
,,,00.000000192400,   0.72000,
,,,00.000000192500,   0.72000,
,,,00.000000192600,   0.76000,
,,,00.000000192700,   0.80000,
,,,00.000000192800,   0.84000,
,,,00.000000192900,   0.88000,
